Date,Open,High,Low,Close,Volume,SMA_50,SMA_200,SMA_20,STD_20,BBL_20_2.0,BBU_20_2.0,RSI_14
2016-06-22,84.0,84.89,81.07,81.07,57000,,,,,,,
2016-06-23,79.1,81.9,79.0,81.19,91500,,,,,,,
2016-06-24,82.5,82.5,77.2,77.89,59300,,,,,,,
2016-06-27,78.0,81.78,78.0,81.42,141600,,,,,,,
2016-06-28,82.88,82.88,80.0,80.29,37000,,,,,,,
2016-06-29,81.0,81.98,80.5,80.58,19100,,,,,,,
2016-07-18,92.04,92.04,86.01,86.36,204000,,,,,,,
2016-07-19,86.0,86.74,84.0,84.41,54500,,,,,,,
2016-07-20,82.9,83.4,82.01,82.57,38000,,,,,,,
2016-07-21,82.0,83.79,82.0,82.44,60000,,,,,,,
2016-07-22,81.52,86.56,81.15,86.22,157500,,,,,,,
2016-07-25,85.31,89.89,83.01,85.13,189000,,,,,,,
2016-07-26,82.51,86.0,81.35,81.98,115500,,,,,,,
2016-07-27,83.8,85.48,82.0,82.37,153500,,,,,,,52.45468277945622
2016-07-28,83.5,83.5,81.5,81.61,42000,,,,,,,50.99118942731278
2016-07-29,80.26,81.0,79.85,80.05,43000,,,,,,,48.01255230125523
2016-08-01,81.25,81.75,80.61,81.0,22500,,,,,,,55.905810862134445
2016-08-02,81.15,85.05,81.0,85.05,217000,,,,,,,56.75977653631285
2016-08-03,86.0,89.0,85.99,86.93,270000,,,,,,,62.02898550724637
2016-08-04,86.5,87.1,85.0,85.02,14500,,,82.679,2.4626727030008015,77.7536545939984,87.6043454060016,57.59753593429157
2016-08-05,84.25,84.25,83.0,83.2,8000,,,82.7855,2.4353330583850683,77.91483388322986,87.65616611677014,43.74505146476644
2016-08-08,82.66,87.0,82.5,84.82,46500,,,82.967,2.445412676399375,78.07617464720124,87.85782535279876,50.822302446851175
2016-08-09,86.0,86.0,84.13,84.4,22000,,,83.29249999999999,2.149410873998544,78.99367825200291,87.59132174799707,53.8919608677159
2016-08-10,84.52,84.55,83.4,84.2,18000,,,83.4315,2.111500526564993,79.20849894687001,87.65450105312999,53.73197625106023
2016-08-11,84.99,86.9,83.5,83.95,75000,,,83.6145,1.979371178722661,79.65575764255469,87.57324235744532,44.33915211970075
2016-08-12,81.15,84.5,81.15,83.34,19500,,,83.7525,1.8485638095274892,80.05537238094502,87.44962761905498,45.42667347981607
2016-08-15,84.0,84.0,82.55,83.53,14000,,,83.611,1.7438098037283163,80.12338039254337,87.09861960745664,54.665863937387115
2016-08-16,83.5,85.0,83.5,84.01,21000,,,83.591,1.7364419156182078,80.11811616876358,87.06388383123641,54.91017964071856
2016-08-17,83.0,84.5,82.2,82.31,43500,,,83.578,1.7454379634379924,80.08712407312402,87.06887592687599,51.98412698412699
2016-08-18,83.49,83.49,80.1,81.05,24500,,,83.5085,1.8192487605139704,79.87000247897205,87.14699752102794,52.883506343713954
2016-08-19,81.11,82.35,80.0,81.06,18000,,,83.2505,1.7799363530903736,79.69062729381926,86.81037270618074,50.182926829268304
2016-08-22,80.5,82.3,80.5,81.0,17000,,,83.04400000000001,1.7899526603560791,79.46409467928785,86.62390532071217,33.68251410153104
2016-08-23,80.25,82.5,80.15,81.0,17000,,,82.995,1.8334968029194385,79.32800639416112,86.66199360583889,21.842355175688482
2016-08-24,81.0,81.0,80.0,80.67,16000,,,82.91,1.9021179331416214,79.10576413371675,86.71423586628325,25.69832402234637
2016-08-25,81.7,81.7,81.0,81.0,10500,,,82.87950000000001,1.9287641939307867,79.02197161213843,86.73702838786159,35.25469168900801
2016-08-26,80.55,81.0,80.0,80.11,15500,,,82.88250000000001,1.9241727545814817,79.03415449083704,86.73084550916298,15.007429420505275
2016-08-29,81.0,83.65,81.0,81.37,54500,,,82.901,1.9068212733292695,79.08735745334145,86.71464254665854,29.98678996036992
2016-08-30,81.05,81.49,80.0,80.09,20500,,,82.653,1.934953011805384,78.78309397638924,86.52290602361077,26.24277456647404
2016-08-31,80.95,81.89,80.15,80.38,15000,,,82.3255,1.7147271533763868,78.89604569324723,85.75495430675278,29.459148446490204
2016-09-01,80.15,80.5,80.02,80.18,17000,,,82.0835,1.6549297170638435,78.77364056587231,85.39335943412769,30.91787439613529
2016-09-02,80.1,80.1,79.3,79.88,20000,,,81.9175,1.702857891898193,78.51178421620362,85.32321578379639,28.247914183551856
2016-09-05,80.25,80.5,78.11,79.77,45500,,,81.665,1.6223261402267772,78.42034771954646,84.90965228045356,23.566084788029897
2016-09-06,79.11,79.8,78.0,78.19,13500,,,81.3545,1.665028765359215,78.02444246928157,84.68455753071844,23.924050632911374
2016-09-07,79.99,80.0,78.01,79.24,54500,,,81.1065,1.5864268855380115,77.93364622892398,84.27935377107602,38.231469440832235
2016-09-08,78.61,78.99,77.5,77.6,26500,,,80.789,1.622411784967037,77.54417643006593,84.03382356993407,31.43776824034329
2016-09-09,78.0,78.97,77.25,78.23,15000,,,80.5335,1.6017663769463075,77.32996724610739,83.73703275389262,35.99595551061681
2016-09-15,76.55,77.51,76.55,77.02,17000,,,80.208,1.6221188223074483,76.9637623553851,83.4522376446149,32.07207207207206
2016-09-16,75.1,80.0,75.06,79.33,68500,,,79.974,1.3613978883949367,77.25120422321012,82.69679577678988,44.87767584097858
2016-09-19,79.25,79.25,77.77,78.39,9500,,,79.778,1.287562364355657,77.20287527128869,82.35312472871132,40.467494521548595
2016-09-20,79.95,79.95,77.1,78.02,31000,81.61840000000001,,79.6265,1.3081134467138331,77.01027310657233,82.24272689342766,42.065299924069855
2016-09-21,78.0,78.0,74.12,74.12,121000,81.4794,,79.2795,1.7527496443557813,75.77400071128844,82.78499928871156,27.071473750790645
2016-09-22,74.0,74.9,71.12,72.84,177500,81.3124,,78.8715,2.2189169358993324,74.43366612820134,83.30933387179866,27.071473750790645
2016-09-23,72.5,72.5,71.1,71.25,22500,81.1796,,78.38399999999999,2.737189107556533,72.90962178488692,83.85837821511305,23.319696084161336
2016-09-26,71.0,72.0,70.0,70.41,71500,80.9594,,77.871,3.207289230881138,71.45642153823772,84.28557846176227,22.478873239436638
2016-09-27,70.0,70.0,69.0,69.16,16000,80.73679999999999,,77.27900000000001,3.660090450420995,69.95881909915802,84.599180900842,21.33689839572196
2016-09-28,69.5,69.7,68.0,68.04,24500,80.48599999999999,,76.6755,4.133236879887597,68.4090262402248,84.9419737597752,20.24353120243535
2016-09-29,68.95,69.39,67.0,67.28,10500,80.1044,,75.971,4.477428655871676,67.01614268825665,84.92585731174336,21.122286924298592
2016-09-30,67.3,70.63,67.17,70.26,32000,79.8214,,75.4795,4.540565087716424,66.39836982456715,84.56063017543285,28.434197886647496
2016-10-03,72.45,73.77,71.5,73.77,220500,79.6454,,75.149,4.40359171586102,66.34181656827796,83.95618343172204,41.56015866020274
2016-10-04,75.5,77.45,74.5,77.45,108500,79.54560000000001,,75.0125,4.280013373073033,66.45247325385394,83.57252674614607,48.48484848484848
2016-10-05,78.1,80.0,76.0,76.68,124000,79.3548,,74.85249999999999,4.146195307304708,66.56010938539058,83.14489061460941,49.32806324110674
2016-10-06,75.55,78.0,75.25,75.87,39000,79.1696,,74.6575,3.991575173840629,66.67434965231874,82.64065034768126,42.731092436974805
2016-10-07,74.5,75.0,72.81,73.09,28500,78.9918,,74.4025,3.916219814001601,66.5700603719968,82.2349396280032,39.66458658346334
2016-10-10,72.5,72.5,72.5,72.5,500,78.7944,,74.06550000000001,3.7651133693702103,66.53527326125959,81.59572673874044,39.32714617169374
2016-10-13,72.1,74.6,72.0,73.49,28500,78.632,,73.86,3.67308417660429,66.51383164679142,81.20616835320858,48.62745098039214
2016-10-14,72.6,72.6,69.82,70.06,80000,78.43220000000001,,73.4515,3.615355081927747,66.2207898361445,80.68221016385549,44.46215139442231
2016-10-17,70.7,71.4,70.0,70.04,24000,78.21300000000001,,73.10249999999999,3.5895548397215116,65.92339032055696,80.28160967944302,47.42881427964302
2016-10-18,70.98,70.98,68.5,69.5,18000,77.902,,72.611,3.357458155086607,65.8960836898268,79.32591631017321,48.04132587171762
2016-10-19,68.11,68.99,68.0,68.4,24000,77.5314,,72.1115,3.1914660465553157,65.72856790688938,78.49443209311063,48.35355285961874
2016-10-20,70.0,71.2,68.95,69.01,50500,77.2112,,71.661,2.939509268031265,65.78198146393747,77.54001853606253,52.14887018165707
2016-10-21,68.61,69.99,67.0,67.25,18500,76.89219999999999,,71.31750000000001,3.036826381880233,65.24384723623955,77.39115276376047,49.93635977938057
2016-10-24,66.0,66.0,64.3,64.48,30000,76.4854,,70.89950000000002,3.3729800582991514,64.15353988340172,77.64546011659831,37.62842465753424
2016-10-25,63.97,63.97,62.0,62.46,36000,76.0466,,70.46000000000001,3.862110140433803,62.7357797191324,78.18422028086762,24.142661179698223
2016-10-26,63.0,63.0,61.36,61.56,31500,75.5938,,70.01750000000001,4.344950941519364,61.32759811696128,78.70740188303874,8.381351492928218
2016-10-27,61.4,62.2,58.49,58.58,65500,75.0864,,69.4885,5.042856620481716,59.40278675903657,79.57421324096343,7.5117370892018585
2016-10-28,56.0,57.5,55.66,56.69,51500,74.5534,,68.921,5.796732201035831,57.327535597928346,80.51446440207167,7.149240393208203
2016-10-31,56.51,57.5,56.0,56.13,28500,74.0054,,68.3635,6.460978641041877,55.44154271791625,81.28545728208375,7.936507936507908
2016-11-01,57.0,58.93,57.0,58.93,35000,73.5038,,67.797,6.775017653890329,54.246964692219336,81.34703530778066,19.669199821189068
2016-11-02,61.0,61.87,60.68,61.87,33000,73.095,,67.202,6.7453239944033045,53.71135201119339,80.69264798880661,26.11019736842104
2016-11-03,64.96,64.96,61.05,61.33,80000,72.70060000000001,,66.396,6.411152618268892,53.573694763462214,79.21830523653779,29.631357909472698
2016-11-04,61.0,61.0,59.82,59.98,16500,72.27900000000001,,65.561,6.080229306617621,53.400541386764765,77.72145861323526,27.89982425307555
2016-11-07,60.0,60.96,59.6,59.72,18000,71.85340000000001,,64.7535,5.699562564008904,53.354374871982195,76.1526251280178,28.24733096085407
2016-11-08,60.0,62.25,59.61,59.89,65500,71.4312,,64.09349999999999,5.441843993779192,53.20981201244161,74.97718798755838,30.255220417633396
2016-11-09,59.9,60.29,58.75,60.0,18000,71.01780000000001,,63.46849999999999,5.134684200815501,53.19913159836899,73.73786840163099,28.598574821852722
2016-11-10,60.9,62.01,60.0,60.05,34000,70.5988,,62.796499999999995,4.606395182672281,53.583709634655435,72.00929036534455,31.385729058945174
2016-11-11,60.6,61.0,59.63,59.69,21500,70.1904,,62.278,4.320536760025987,53.63692647994802,70.91907352005197,35.85351447135261
2016-11-14,59.21,61.44,59.21,60.45,15000,69.77199999999999,,61.798500000000004,3.9280921778763953,53.942315644247216,69.65468435575279,43.58647096362476
2016-11-15,59.53,59.61,59.0,59.02,11500,69.3506,,61.2745,3.524976259718342,54.22454748056332,68.32445251943669,42.160493827160494
2016-11-16,59.39,59.4,59.0,59.04,46000,68.9238,,60.80649999999999,3.1281695925890816,54.55016081482183,67.06283918517815,51.73716012084593
2016-11-17,58.25,59.9,58.25,59.4,23500,68.5082,,60.326,2.470741205642969,55.38451758871406,65.26748241128594,61.57130657557645
2016-11-18,59.49,59.49,58.15,58.61,5000,68.08279999999999,,59.89399999999999,1.8814479306609504,56.13110413867809,63.65689586132189,60.38525963149078
2016-11-21,58.5,61.54,58.0,61.54,117000,67.7182,,59.74699999999999,1.5977421569198489,56.55151568616029,62.94248431383969,60.81193040596521
2016-11-22,64.61,64.61,63.0,64.61,83500,67.4466,,59.85450000000001,1.8433392896699725,56.16782142066006,63.541178579339956,61.229508196721326
2016-11-23,67.1,67.84,64.55,67.84,131500,67.21860000000001,,60.168499999999995,2.5489693995807214,55.070561200838554,65.26643879916143,71.86030893216926
2016-11-24,71.23,71.23,71.23,71.23,141500,67.09120000000001,,60.801,3.518970991938437,53.763058016123125,67.83894198387688,83.22504430005908
2016-11-25,74.79,74.79,72.0,73.26,393500,66.9918,,61.62949999999999,4.352120445072724,52.925259109854544,70.33374089014544,86.20320855614975
2016-11-28,71.51,74.51,69.6,69.71,94000,66.8456,,62.3085,4.5055945048466395,53.29731099030673,71.31968900969328,72.23731884057969
2016-11-29,70.0,70.98,66.25,66.94,108500,66.59779999999999,,62.709,4.545302838616567,53.61839432276687,71.79960567723313,64.02586903799514
2016-11-30,66.65,66.65,65.0,65.06,14500,66.3312,,62.8685,4.570213947542803,53.72807210491439,72.0089278950856,59.42792623259316
2016-12-01,66.95,68.31,66.7,68.31,82500,66.137,,63.217499999999994,4.710889819846759,53.795720360306476,72.63927963969351,64.63000678886627
2016-12-02,70.79,70.79,68.3,68.91,65000,66.0328,,63.664,4.810039282036669,54.04392143592666,73.28407856407334,64.43686006825938
2016-12-05,69.0,69.0,67.01,67.32,35500,65.9224,,64.044,4.782183381546115,54.479633236907766,73.60836676309222,64.08689748811946
2016-12-06,69.5,70.5,68.0,69.12,85500,65.87979999999999,,64.50550000000001,4.805515991791872,54.89446801641627,74.11653198358376,66.13316261203585
2016-12-07,69.0,69.65,67.01,67.71,83000,65.8258,,64.89099999999999,4.733774392596145,55.4234512148077,74.35854878519228,62.867760916692454
2016-12-08,68.99,71.09,68.99,70.53,296000,65.8532,,65.415,4.749710794519803,55.9155784109604,74.91442158903962,67.36596736596735
2016-12-09,72.0,73.45,69.51,69.72,115000,65.88680000000001,,65.9165,4.641702585769129,56.63309482846174,75.19990517153826,62.70186335403726
2016-12-13,70.5,70.5,69.0,69.26,39500,65.9264,,66.357,4.5118453454270355,57.33330930914593,75.38069069085407,57.8573842514363
2016-12-14,68.6,68.95,67.69,67.87,48500,65.87859999999999,,66.7995,4.17586861433756,58.447762771324875,75.15123722867511,50.05405405405406
2016-12-15,67.25,68.79,67.25,68.61,18000,65.7754,,67.27799999999999,3.768348235109327,59.741303529781334,74.81469647021865,44.78087649402389
2016-12-16,68.01,72.04,68.0,72.04,396500,65.66720000000001,,67.91,3.421555509598242,61.06688898080351,74.75311101919648,47.69811320754717
2016-12-19,72.4,75.64,72.26,75.34,211000,65.6404,,68.7465,3.053505793604764,62.63948841279047,74.85351158720952,60.723809523809535
2016-12-20,75.49,76.0,71.58,72.61,95500,65.5752,,69.3,2.65587531413081,63.98824937173838,74.61175062826162,60.81648225867989
2016-12-21,72.9,72.97,71.5,72.51,39500,65.56360000000001,,69.695,2.504809058800995,64.685381882398,74.70461811760198,65.24764633647155
2016-12-22,69.82,71.99,69.81,71.53,20000,65.5442,,69.87950000000001,2.496868512441123,64.88576297511776,74.87323702488226,57.2653429602888
2016-12-23,72.98,72.98,71.12,71.15,6000,65.4974,,69.8755,2.4946542319209284,64.88619153615815,74.86480846384185,55.10483135824978
2016-12-26,72.5,72.5,70.0,70.08,34500,65.4978,,69.7165,2.365587219853822,64.98532556029235,74.44767443970764,56.44257703081233
2016-12-27,70.01,71.78,69.32,69.82,102000,65.49340000000001,,69.72200000000001,2.3656991845071595,64.9906016309857,74.45339836901432,51.76056338028166
2016-12-28,70.0,71.19,69.05,69.25,53000,65.4884,,69.8375,2.277470607586395,65.28255878482722,74.3924412151728,54.04411764705883
2016-12-29,69.55,69.6,69.0,69.02,37000,65.5008,,70.0355,1.9948657124040237,66.04576857519196,74.02523142480804,45.41033434650454
2016-12-30,70.0,71.59,69.0,69.2,68500,65.5046,,70.08000000000001,1.9640371954884295,66.15192560902315,74.00807439097687,48.356510745891285
2017-01-02,69.39,69.95,68.75,69.5,42000,65.5496,,70.1095,1.9499189591794113,66.20966208164117,74.00933791835882,50.76628352490419
2017-01-03,69.0,72.5,68.0,70.29,186000,65.6658,,70.25800000000001,1.8360673075608187,66.58586538487837,73.93013461512164,58.034528552456834
2017-01-04,71.75,71.5,69.21,70.05,88000,65.8176,,70.30449999999999,1.817411331363189,66.66967733727361,73.93932266272637,54.94505494505493
2017-01-05,69.15,72.22,69.15,71.01,117000,66.0066,,70.46950000000001,1.7164604798672944,67.03657904026542,73.9024209597346,45.7402812241522
2017-01-06,70.5,71.49,69.65,69.75,121000,66.23,,70.43050000000001,1.7238588139767164,66.98278237204657,73.87821762795345,22.189054726368255
2017-01-09,69.8,71.99,69.8,70.79,142500,66.512,,70.48400000000001,1.7172389099024936,67.04952218019503,73.91847781980499,39.11483253588526
2017-01-10,70.1,74.32,70.0,72.52,643500,66.83980000000001,,70.647,1.7493610863755968,67.14827782724882,74.14572217275119,50.05005005005
2017-01-11,72.99,73.98,72.0,72.43,440000,67.10979999999999,,70.875,1.663425444835207,67.54814911032959,74.20185088967041,54.94505494505497
2017-01-12,72.5,76.05,71.9,76.05,336000,67.3934,,71.247,1.9392812016173013,67.3684375967654,75.1255624032346,69.85413290113446
2017-01-13,79.85,79.85,79.85,79.85,93500,67.7638,,71.6375,2.7317661050372593,66.17396778992548,77.10103221007452,82.41539482415392
2017-01-16,83.84,83.84,80.25,83.8,846000,68.2402,,72.0605,3.7865947415641066,64.48731051687179,79.63368948312822,87.26012793176972
2017-01-17,87.99,87.99,87.99,87.99,110000,68.8056,,72.82950000000001,5.2014547307256525,62.42659053854871,83.23240946145131,91.86773905272563
2017-01-18,92.38,92.38,92.38,92.38,110000,69.4554,,73.82300000000001,6.791738867337584,60.23952226532484,87.40647773467518,94.00904295403164
2017-01-19,94.49,96.99,88.11,96.99,190000,70.1952,,75.09599999999999,8.508410946945611,58.07917810610877,92.11282189389121,94.86599935421374
2017-01-20,101.83,101.83,98.0,101.83,269500,71.0308,,76.63,10.330182654929633,55.96963469014073,97.29036530985925,95.52238805970148
2017-01-23,106.9,106.9,98.1,98.1,89000,71.79899999999999,,78.031,11.253872269251593,55.52325546149682,100.5387445385032,86.1638491547464
2017-01-24,94.25,103.0,94.25,103.0,171000,72.65,,79.69,12.370014678968372,54.94997064206325,104.43002935793675,88.21619113894688
2017-01-25,106.25,108.15,104.0,108.14,183000,73.6324,,81.63449999999999,13.634544546848572,54.36541090630284,108.90358909369714,89.25777119898498
2017-01-26,111.44,112.25,110.0,111.21,125500,74.6758,,83.744,14.794558174509483,54.154883650981034,113.33311634901897,92.21995926680245
2017-01-27,112.0,116.77,108.25,112.75,178000,75.7428,,85.9215,15.71738905429933,54.48672189140133,117.35627810859866,92.2983870967742
2017-01-30,111.0,112.25,107.2,107.21,11000,76.71480000000001,,87.80699999999999,15.90452173373802,55.99795653252394,119.61604346747603,82.47519191162704
2017-01-31,104.75,112.57,104.75,112.08,63000,77.7256,,89.89649999999999,16.22398395975271,57.448532080494566,122.3444679195054,84.0694277367245
2017-02-01,114.99,117.68,114.99,117.68,200500,78.78699999999999,,92.27799999999999,16.647654995286953,58.982690009426086,125.5733099905739,84.59365132125643
2017-02-02,123.0,123.56,116.06,116.35,186500,79.7572,,94.545,16.68609805859506,61.17280388280988,127.91719611719012,81.62911611785093
2017-02-03,113.0,115.0,112.1,112.95,41500,80.5916,,96.705,16.093037886646815,64.51892422670636,128.89107577329364,75.50306211723533
2017-02-06,111.66,114.61,110.8,111.27,18000,81.3518,,98.729,15.181969881200567,68.36506023759887,129.09293976240113,71.303074670571
2017-02-07,115.0,115.0,110.51,111.91,13000,82.1958,,100.6985,14.120907334423137,72.45668533115372,128.94031466884627,69.18844566712515
2017-02-08,111.99,112.5,111.2,111.27,20000,83.08239999999999,,102.6405,12.619578971623783,77.40134205675244,127.87965794324757,65.21739130434781
2017-02-09,110.0,111.0,107.0,107.67,39500,83.93459999999999,,104.22149999999999,10.988203375486322,82.24509324902735,126.19790675097263,56.3922942206655
2017-02-10,103.61,107.5,102.29,102.89,92000,84.62619999999998,,105.37349999999999,9.39017531084576,86.59314937830847,124.15385062169152,55.125187245880596
2017-02-13,104.25,108.03,104.25,108.03,125500,85.40859999999999,,106.585,7.906089924528619,90.77282015094275,122.39717984905724,55.35448158398978
2017-02-14,105.0,111.84,102.9,103.27,46500,86.1276,,107.349,6.653689835050071,94.04162032989986,120.65637967010015,44.77355655720111
2017-02-15,106.85,108.43,104.9,108.43,236000,86.91380000000001,,108.15149999999998,5.6446418701367715,96.86221625972644,119.44078374027353,47.144617912900586
2017-02-16,111.0,113.85,110.0,113.85,160000,87.8366,,108.99449999999999,5.125059665891035,98.74438066821791,119.24461933178206,51.04642313546423
2017-02-17,108.52,111.25,108.52,110.52,58000,88.63640000000001,,109.429,4.846484238463991,99.73603152307201,119.12196847692799,53.286991062562066
2017-02-20,114.5,114.5,107.05,107.34,24000,89.3888,,109.891,4.091252414088512,101.70849517182299,118.07350482817702,45.12946979038225
2017-02-21,104.11,105.3,104.07,105.25,7000,90.10860000000001,,110.0035,3.9191060675129274,102.16528786497415,117.84171213502586,36.23477297895902
2017-02-22,107.04,107.04,104.56,104.56,7000,90.8424,,109.82449999999999,4.086864033898677,101.65077193220263,117.99822806779734,36.75578521680522
2017-02-23,104.4,109.78,104.4,109.75,55500,91.6652,,109.7515,4.073832121957208,101.60383575608557,117.89916424391441,46.54427645788337
2017-02-24,107.01,107.7,106.0,106.0,9000,92.34440000000001,,109.41399999999999,4.091909089898712,101.23018182020256,117.59781817979741,44.55240851767625
2017-02-27,103.2,104.0,103.1,103.1,6000,92.8996,,109.20849999999999,4.306024268393728,100.59645146321253,117.82054853678744,41.29962472842188
2017-02-28,100.15,104.0,100.11,103.5,2500,93.5174,,108.77949999999998,4.430490616766838,99.9185187664663,117.64048123353366,42.29013693193094
2017-03-01,105.95,105.95,103.61,104.08,4000,94.14880000000001,,108.09949999999999,4.016899137918018,100.06570172416396,116.13329827583603,46.210681866160016
2017-03-02,106.97,109.27,106.97,109.0,10000,94.8982,,107.73200000000001,3.5289264805687344,100.67414703886254,114.78985296113748,56.43022521574405
2017-03-03,113.87,114.45,111.0,113.83,59000,95.7518,,107.776,3.602137377197959,100.57172524560409,114.98027475439591,56.14406779661016
2017-03-06,119.5,119.52,111.0,113.17,21000,96.6136,,107.87100000000001,3.7221893670535593,100.42662126589289,115.31537873410713,61.48491879350348
2017-03-07,108.51,110.9,108.06,109.39,7000,97.405,,107.745,3.619504909441312,100.50599018111738,114.98400981888263,51.150527325023965
2017-03-08,114.49,114.49,108.49,113.0,17500,98.28,,107.8315,3.7272485618886924,100.37700287622262,115.28599712377739,48.93510398396393
2017-03-09,114.9,114.9,108.55,110.6,24500,99.1116,,107.978,3.7778058237687784,100.42238835246243,115.53361164753755,50.10261672652643
2017-03-10,107.02,107.02,105.07,105.07,73000,99.829,,108.08700000000002,3.652653109294411,100.78169378141119,115.39230621858884,47.25381079119283
2017-03-13,100.1,104.8,99.9,102.3,12000,100.485,,107.80049999999999,3.8752935033153526,100.04991299336928,115.5510870066307,46.48893120685551
2017-03-14,98.75,103.49,98.75,103.49,2000,101.149,,107.8115,3.8620464646004606,100.08740707079907,115.53559292920092,48.7414725946836
2017-03-15,101.0,104.0,101.0,104.0,1000,101.82799999999999,,107.59,3.950725449704584,99.68854910059083,115.49145089940917,42.40021147237642
2017-03-17,103.0,105.0,102.0,105.0,5000,102.50779999999999,,107.1475,3.7003611132452017,99.74677777350959,114.5482222264904,48.574686431014825
2017-03-20,101.16,102.14,101.0,102.14,19500,103.15559999999999,,106.72849999999998,3.772133662586382,99.18423267482721,114.27276732517275,48.63013698630137
2017-03-21,98.01,103.0,98.01,103.0,12000,103.79979999999999,,106.5115,3.8589394166077517,98.79362116678449,114.2293788332155,49.29577464788732
2017-03-22,107.99,107.99,102.25,104.93,6500,104.44800000000001,,106.49549999999999,3.865103627670017,98.76529274465996,114.22570725534003,51.15332428765265
2017-03-24,106.0,109.7,106.0,106.36,32500,105.1266,,106.5855,3.838528329560488,98.90844334087902,114.26255665912097,46.0431654676259
2017-03-27,106.49,108.85,103.65,106.85,35500,105.7426,,106.4405,3.7668016238820656,98.90689675223587,113.97410324776413,37.97381116471398
2017-03-28,109.95,109.95,106.0,107.04,102500,106.28640000000001,,106.49249999999999,3.767578972733792,98.9573420545324,114.02765794546758,39.2644483362522
2017-03-29,106.0,106.25,104.0,104.0,41000,106.69040000000001,,106.5375,3.7301148211474264,99.07727035770515,113.99772964229484,40.309241280115074
2017-03-30,101.1,101.1,101.0,101.0,11500,106.95060000000001,,106.4125,3.8762867133645944,98.65992657327081,114.16507342672918,27.941176470588246
2017-03-31,100.05,104.95,100.0,102.61,7500,107.15520000000001,,106.33900000000001,3.936313931639273,98.46637213672146,114.21162786327857,34.87315410829234
2017-04-03,101.0,102.39,99.0,99.25,30500,107.20039999999999,,105.85150000000002,4.18529163292453,97.48091673415095,114.22208326584908,37.99504950495051
2017-04-04,98.5,98.5,98.0,98.09,3500,107.12559999999999,,105.0645,4.084719245650324,96.89506150869934,113.23393849130065,40.698188245691576
2017-04-05,100.0,100.0,94.99,95.0,23500,107.06360000000001,,104.15599999999999,4.205893609285482,95.74421278142903,112.56778721857096,32.69465960048922
2017-04-06,93.4,95.5,93.0,94.92,5500,106.902,,103.4325,4.492925286667472,94.44664942666506,112.41835057333495,31.16182572614109
2017-04-07,94.92,95.0,94.92,94.98,11500,106.63879999999999,,102.53150000000001,4.274852136562259,93.98179572687549,111.08120427312453,28.367875647668413
2017-04-10,96.0,96.0,92.5,94.25,6000,106.2996,,101.714,4.213570057751071,93.28685988449786,110.14114011550214,31.2410841654779
2017-04-11,92.0,98.96,92.0,98.64,13000,106.0174,,101.39250000000001,4.1892643180292755,93.01397136394147,109.77102863605856,41.12377850162867
2017-04-12,98.4,99.0,98.4,99.0,3000,105.8532,,101.2275,4.2165387089659285,92.79442258206815,109.66057741793186,37.103088299260534
2017-04-13,97.75,97.75,94.06,94.14,6000,105.4944,,100.76,4.46358010664295,91.8328397867141,109.6871602132859,26.873580620741876
2017-04-14,90.5,92.0,89.44,89.96,52500,104.94,,100.058,4.9991247655015,90.05975046899701,110.056249531003,21.9528395881767
2017-04-17,87.5,87.5,86.2,87.0,2000,104.353,,99.158,5.641583017856462,87.87483396428708,110.44116603571293,19.52554744525547
2017-04-19,89.0,91.35,89.0,91.35,3000,103.921,,98.6185,5.853352862833424,86.91179427433315,110.32520572566685,31.500438724773318
2017-04-20,86.79,93.0,86.79,91.33,19000,103.5222,,98.035,5.974015223845276,86.08696955230944,109.98303044769055,34.50817045818647
2017-04-21,93.5,95.89,93.5,93.78,75000,103.1596,,97.47749999999999,5.814845678361233,85.84780864327753,109.10719135672245,36.22464898595944
2017-04-24,90.0,91.0,89.35,89.85,134000,102.73119999999999,,96.652,5.657259518809132,85.33748096238173,107.96651903761827,35.59166155732679
2017-04-25,88.3,88.35,87.5,88.01,18000,102.33800000000001,,95.71000000000001,5.433932374683225,84.84213525063356,106.57786474936646,34.86486486486487
2017-04-26,88.0,88.0,88.0,88.0,4000,102.0402,83.60545,94.758,4.994596659338254,84.76880668132348,104.74719331867651,38.41826604897419
2017-04-27,88.01,88.01,86.54,86.54,1500,101.61040000000001,83.6328,93.88499999999999,4.816923565054604,84.25115286989079,103.5188471301092,36.740506329113934
2017-04-28,87.0,89.99,84.5,87.0,55000,101.285,83.66185000000002,93.18499999999999,4.745259684536119,83.69448063092776,102.67551936907222,37.531249999999986
2017-05-02,88.25,88.25,83.84,84.83,13000,100.81299999999999,83.69654999999999,92.296,4.54799713002732,83.20000573994537,101.39199426005464,35.91507177033492
2017-05-03,83.0,83.02,80.59,80.66,24000,100.14920000000001,83.69274999999999,91.3665,4.935159865165164,81.49618026966968,101.23681973033032,22.93798916315471
2017-05-04,82.9,82.9,80.0,80.44,44000,99.5476,83.6935,90.48400000000001,5.238355909212301,80.0072881815754,100.96071181842461,21.94679564691654
2017-05-05,81.0,83.0,80.0,81.93,13000,99.03939999999999,83.70025000000001,89.8305,5.4560564850835025,78.918387029833,100.742612970167,29.451363177381353
2017-05-08,83.9,83.95,82.25,82.84,5500,98.59119999999999,83.68265000000001,89.2265,5.531109410940118,78.16428117811977,100.28871882188024,36.535552193646005
2017-05-09,82.55,83.0,82.55,83.0,3500,98.16,83.67560000000002,88.6275,5.523922971946752,77.57965405610649,99.6753459438935,41.53976311336717
2017-05-10,84.45,84.45,81.1,81.33,2500,97.5916,83.66940000000001,87.98150000000001,5.586899408437674,76.80770118312466,99.15529881687536,26.097328244274806
2017-05-11,81.99,82.0,81.26,81.26,4000,97.0968,83.66349999999998,87.1125,5.178534516332162,76.75543096733567,97.46956903266432,26.035221323179442
2017-05-12,83.75,83.75,80.0,80.0,6000,96.6348,83.6324,86.1625,4.592626670745605,76.97724665850879,95.3477533414912,15.237134207870824
2017-05-15,80.0,81.0,79.0,79.0,11500,96.14479999999999,83.60175,85.4055,4.454164786732793,76.49717042653441,94.3138295734656,17.88040260509176
2017-05-16,78.1,78.1,75.05,75.19,86500,95.567,83.5678,84.667,4.8647898207427405,74.93742035851452,94.39657964148549,16.01272534464472
2017-05-17,75.79,76.87,75.0,76.08,21000,94.90859999999999,83.53635,84.12100000000001,5.191028596987229,73.73894280602555,94.50305719397447,19.807497467071926
2017-05-18,75.79,75.79,75.0,75.79,11500,94.14779999999999,83.50725,83.343,5.2165234440293515,72.9099531119413,93.7760468880587,21.055465805061914
2017-05-19,75.0,75.0,74.8,74.81,7000,93.3806,83.48105,82.517,5.193136259576591,72.13072748084682,92.90327251915318,18.07228915662651
2017-05-22,75.0,75.97,75.0,75.11,7500,92.695,83.4516,81.5835,4.71829950969213,72.14690098061574,91.02009901938426,21.77700348432056
2017-05-23,75.75,76.0,75.0,75.17,10500,91.9384,83.4022,80.8495,4.501505566854756,71.8464888662905,89.85251113370951,29.06178489702519
2017-05-24,74.53,77.75,74.53,75.26,24000,91.2316,83.34385,80.212,4.333766564039004,71.544466871922,88.87953312807801,30.04622496147924
2017-05-25,75.56,75.56,75.0,75.01,7000,90.63040000000001,83.29379999999999,79.5625,4.0705616772657685,71.42137664546846,87.70362335453154,20.5281090289608
2017-05-26,73.51,75.0,73.51,74.49,12500,90.0742,83.25025000000001,78.96000000000001,3.870295786330551,71.2194084273389,86.70059157266111,13.215859030836995
2017-05-29,73.0,73.0,73.0,73.0,1000,89.46440000000001,83.19115000000002,78.26,3.595937766571694,71.06812446685662,85.4518755331434,10.567823343848602
2017-05-30,73.0,73.99,72.02,72.8,15000,88.8404,83.13315,77.6585,3.4419643641697784,70.77457127166045,84.54242872833956,11.953612845673533
2017-05-31,72.11,72.7,71.01,71.85,6500,88.17739999999999,83.0714,77.218,3.597836484392434,70.02232703121514,84.41367296878487,11.0835401157982
2017-06-01,72.0,72.99,68.26,70.31,8500,87.5408,83.00319999999999,76.7115,3.8261734010289206,69.05915319794217,84.36384680205784,10.832659660468906
2017-06-02,66.8,70.0,66.8,69.36,9500,86.868,82.9333,76.083,3.9541052617573493,68.1747894764853,83.9912105235147,10.8766233766234
2017-06-06,72.35,72.82,72.35,72.73,7500,86.22399999999999,82.8793,75.57750000000001,3.6816684933249326,68.21416301335015,82.94083698664988,39.646464646464686
2017-06-07,75.0,76.34,75.0,75.19,15000,85.6006,82.8352,75.187,3.2407424425511047,68.70551511489779,81.6684848851022,46.69144981412639
2017-06-08,75.75,77.0,72.0,72.13,14000,84.90619999999998,82.7843,74.727,2.9640177213769183,68.79896455724617,80.65503544275384,38.71763255240442
2017-06-09,73.1,73.1,73.1,73.1,1500,84.2274,82.74455,74.31899999999999,2.550132917073494,69.218734165853,79.41926583414698,44.72547809993829
2017-06-12,70.3,70.3,69.45,69.64,12500,83.54019999999998,82.68744999999998,73.801,2.382095274069003,69.036809451862,78.565190548138,35.88022715539495
2017-06-13,68.0,68.0,68.0,68.0,1000,82.8802,82.62244999999999,73.251,2.3884059868246634,68.47418802635067,78.02781197364934,32.88782816229117
2017-06-14,68.0,70.49,68.0,70.19,3000,82.2318,82.5684,73.001,2.4359714370473387,68.12905712590533,77.87294287409468,39.002169197396945
2017-06-15,72.48,72.48,69.0,69.0,6500,81.6268,82.51005,72.64699999999999,2.4790344045520345,67.68893119089593,77.60506880910405,37.47394747811587
2017-06-19,67.15,67.15,66.11,66.11,3000,80.98719999999999,82.43560000000001,72.163,2.761916001620143,66.63916799675971,77.68683200324028,34.10470409711685
2017-06-20,64.0,64.3,63.65,63.65,4500,80.36019999999999,82.3533,71.60499999999999,3.2780987750452075,65.04880244990957,78.1611975500904,32.894255396999625
2017-06-21,60.51,63.4,60.47,60.49,94000,79.6716,82.2489,70.874,4.00488964300357,62.86422071399286,78.88377928600714,29.679762297788045
2017-06-22,60.0,63.51,59.0,60.4,87000,78.98,82.15045,70.13550000000001,4.501959193390498,61.13158161321901,79.139418386781,30.547060822290177
2017-06-30,61.49,61.49,61.49,61.49,500,78.3248,82.056,69.447,4.724452739124027,59.99809452175195,78.89590547824805,34.78260869565217
2017-07-03,61.0,61.0,58.42,58.46,9500,77.5212,81.9474,68.6195,5.130716042159157,58.35806791568169,78.88093208431832,32.45331616226659
2017-07-04,59.99,61.0,59.99,60.6,11500,76.75319999999999,81.851,67.925,5.2333128282093995,57.4583743435812,78.3916256564188,29.668119342943328
2017-07-05,62.24,63.0,62.24,63.0,11500,76.1304,81.76715,67.425,5.200524771092171,57.02395045781566,77.82604954218434,29.52636882767888
2017-07-06,62.9,62.9,61.9,61.9,3500,75.5692,81.6857,66.88,5.178692173858717,56.52261565228256,77.23738434771742,31.607335490830636
2017-07-07,64.49,64.49,64.49,64.49,500,75.119,81.61195,66.512,5.067236971597287,56.37752605680542,76.64647394319458,35.372069317023445
2017-07-10,62.06,63.5,61.27,63.5,17000,74.562,81.54145,66.17150000000001,5.027238726232627,56.11702254753476,76.22597745246526,38.61275964391691
2017-07-11,60.51,60.51,60.33,60.33,5000,73.94200000000001,81.45195,65.72,5.130245710747041,55.45950857850592,75.98049142149408,36.539136539136535
2017-07-12,59.25,59.25,57.32,57.4,10500,73.2144,81.35385000000001,64.9535,5.172807722779682,54.607884554440645,75.29911544555937,28.1217926787547
2017-07-13,55.01,56.51,54.53,56.23,20000,72.542,81.23835,64.00550000000001,4.9297181247492174,54.146063750501575,73.86493624949844,28.141047586442994
2017-07-14,56.75,56.99,56.75,56.99,2000,71.9216,81.13135,63.2485,4.776527339088521,53.69544532182296,72.80155467817704,33.16100443131462
2017-07-17,57.9,58.0,57.9,58.0,1500,71.3216,81.03125,62.493500000000004,4.307785210645982,53.87792957870804,71.10907042129197,38.97776043698791
2017-07-18,59.5,60.9,59.5,60.9,4500,70.8088,80.96515,62.05649999999999,3.9751243277488,54.10625134450239,70.00674865549759,50.808040993299166
2017-07-19,63.9,63.94,63.0,63.5,12500,70.3388,80.91845,61.83149999999999,3.7414931933383553,54.34851361332328,69.3144863866767,55.55954088952655
2017-07-20,65.0,65.99,63.0,63.51,18000,69.91239999999999,80.87975,61.4975,3.2175372651516287,55.06242546969675,67.93257453030326,53.76865671641791
2017-07-21,64.01,65.2,63.6,65.2,2000,69.6032,80.8537,61.307500000000005,2.8413986085446483,55.62470278291071,66.9902972170893,63.23644933228594
2017-07-24,68.44,68.44,64.0,64.0,1000,69.2744,80.8279,61.202,2.6887711926312536,55.82445761473749,66.5795423852625,56.93311582381729
2017-07-25,64.45,64.45,63.0,63.0,4500,68.8958,80.8027,61.169500000000006,2.66141330677548,55.84667338644905,66.49232661355097,50.0
2017-07-26,66.15,66.15,66.15,66.15,2000,68.562,80.79705,61.45250000000001,2.8775096597775516,55.697480680444905,67.2075193195551,58.44259038537943
2017-07-27,69.45,69.45,69.45,69.45,1500,68.291,80.79299999999999,61.904999999999994,3.372319988564389,55.16036002287122,68.64963997712877,59.582689335394136
2017-07-28,72.92,72.92,72.92,72.92,127500,68.12280000000001,80.78875,62.4765,4.1719871259335175,54.13252574813296,70.82047425186704,66.60789844851905
2017-07-31,76.56,76.56,73.9,75.82,799500,68.014,80.7806,63.3445,5.013415134994999,53.317669730009996,73.37133026999,77.57208971164114
2017-08-01,75.4,79.3,74.11,75.0,892500,67.914,80.7722,64.0645,5.598414695721502,52.86767060855699,75.261329391443,83.87220939183989
2017-08-02,75.0,75.78,73.26,74.7,222500,67.828,80.76635,64.6495,6.072539116036774,52.50442176792646,76.79457823207355,86.77817602548788
2017-08-03,73.2,74.39,70.97,70.97,461000,67.7436,80.75575,65.103,6.193862072118506,52.71527585576298,77.490724144237,74.8931623931624
2017-08-04,67.43,71.0,67.43,70.02,681500,67.6224,80.74335,65.3795,6.287777178153843,52.80394564369231,77.95505435630768,71.44896502498216
2017-08-07,70.0,72.0,66.52,66.57,625000,67.438,80.70875,65.53299999999999,6.2769428529304285,52.97911429413913,78.08688570586085,59.92299614980748
2017-08-08,65.9,67.7,63.25,65.79,905000,67.2576,80.6874,65.80600000000001,6.156316738885407,53.493366522229195,78.11863347777083,54.28037383177571
2017-08-09,65.01,65.8,64.0,65.35,105000,67.0624,80.66395,66.20349999999999,5.8331694688769735,54.53716106224604,77.86983893775394,53.384841795437815
2017-08-10,65.02,65.49,63.0,63.25,117000,66.824,80.6327,66.55449999999999,5.3962945132461995,55.76191097350759,77.34708902649238,46.4661109097499
2017-08-11,63.0,64.5,62.99,63.93,54500,66.5974,80.61035000000001,66.9015,4.95389296678103,56.99371406643794,76.80928593356205,49.870705578130774
2017-08-15,63.9,64.72,60.74,61.03,228000,66.31779999999999,80.57045,67.053,4.707546125777476,57.637907748445045,76.46809225155495,46.59993096306524
2017-08-16,61.95,64.08,60.03,63.66,164500,66.1012,80.5525,67.191,4.555684592382343,58.07963081523532,76.30236918476469,45.6239015817223
2017-08-17,63.5,64.9,62.05,63.36,69500,65.9084,80.5469,67.184,4.561757971383445,58.06048405723311,76.30751594276688,38.0353634577603
2017-08-18,63.0,63.97,61.0,63.02,89000,65.7128,80.5497,67.15950000000001,4.5837912083898384,57.99191758322033,76.32708241677969,27.822580645161267
2017-08-21,63.01,63.01,59.89,60.38,190500,65.4834,80.5438,66.9185,4.813205819738508,57.29208836052298,76.54491163947701,15.004533091568447
2017-08-22,58.0,62.5,57.37,59.98,110500,65.27680000000001,80.5508,66.7175,5.020951760269576,56.67559647946085,76.75940352053915,15.29574861367837
2017-08-23,60.1,61.0,57.01,59.1,188000,65.0716,80.56285,66.52250000000001,5.243718924380058,56.03506215123989,77.00993784876013,14.896489648964874
2017-08-24,59.8,59.8,56.15,56.15,62000,64.74,80.56294999999999,66.0225,5.73486646933122,54.552767061337555,77.49223293866244,15.438432835820876
2017-08-25,54.0,58.48,53.35,57.98,993000,64.3958,80.5582,65.449,5.94377684287539,53.56144631424922,77.33655368575077,23.02867383512543
2017-08-28,59.0,60.0,58.0,59.46,161000,64.14240000000001,80.54615,64.776,5.813934622050785,53.14813075589843,76.40386924410157,32.530712530712535
2017-08-29,59.11,59.11,56.49,56.49,121500,63.810199999999995,80.52195,63.8095,5.478379970873729,52.85274005825254,74.76625994174746,29.370008873114443
2017-08-30,56.9,57.45,54.5,54.75,73500,63.5124,80.4958,62.797000000000004,5.163558646393424,52.46988270721316,73.12411729278685,27.768456375838937
2017-08-31,55.0,55.95,54.5,55.56,16500,63.2636,80.475,61.839999999999996,4.5823471347297,52.6753057305406,71.00469426945939,32.949002217294904
2017-09-05,56.5,57.0,55.5,55.57,29000,62.971199999999996,80.4534,61.07000000000001,4.249199305380935,52.57160138923814,69.56839861076188,30.89579524680073
2017-09-06,55.0,56.5,54.5,55.02,38500,62.6916,80.4285,60.32000000000001,3.895396743527099,52.52920651294581,68.11079348705421,34.61341525857655
2017-09-07,54.6,54.6,53.21,53.93,29500,62.448,80.39789999999999,59.688,3.8531553713544207,51.98168925729116,67.39431074270884,22.957198443579784
2017-09-08,54.1,55.49,54.01,54.93,22500,62.27360000000001,80.3741,59.144999999999996,3.7105574840060496,51.7238850319879,66.5661149680121,27.4478330658106
2017-09-11,54.5,55.5,54.12,54.5,14000,62.153800000000004,80.34434999999999,58.6025,3.545080913634929,51.51233817273014,65.69266182726986,27.316293929712458
2017-09-12,54.0,54.25,53.25,54.1,11500,62.0278,80.31975,58.145,3.503918858710809,51.13716228257839,65.15283771742162,31.015719467956472
2017-09-13,54.99,55.6,54.3,55.48,16500,61.9076,80.30194999999999,57.72249999999999,3.2713861137553657,51.17972777248926,64.26527222751072,37.15753424657534
2017-09-14,55.75,56.0,55.0,55.93,22000,61.857,80.2846,57.467499999999994,3.197946503948054,51.07160699210389,63.8633930078961,40.725570509069634
2017-09-15,56.5,56.9,54.81,54.91,27000,61.743199999999995,80.2661,57.03000000000001,2.889873426477538,51.25025314704493,62.80974685295509,45.91029023746702
2017-09-18,55.6,57.65,55.6,57.65,38000,61.6362,80.24665,56.744499999999995,2.485339064024532,51.77382187195093,61.71517812804906,48.97324206596142
2017-09-19,60.53,60.53,59.6,60.43,133500,61.6068,80.22575,56.614999999999995,2.1912133144635066,52.23257337107298,60.99742662892701,52.792170408750714
2017-09-20,23.74,23.74,23.74,23.74,4500,60.7918,80.00524999999999,54.783,7.576601168278998,39.629797663442005,69.936202336558,17.948717948717942
2017-09-21,24.92,24.92,24.56,24.92,203000,60.0202,79.7737,53.03000000000001,9.984257608856508,33.061484782286996,72.99851521771302,20.482881456560463
2017-09-22,25.49,26.16,24.7,26.16,721000,59.3368,79.5382,51.382999999999996,11.527820855834806,28.327358288330384,74.4386417116696,21.15384615384616
2017-09-25,26.5,26.8,24.86,24.88,227500,58.686400000000006,79.31405000000001,49.8195,12.887604193259309,24.04429161348138,75.59470838651862,20.620333141872493
2017-09-26,24.51,24.52,23.72,23.82,113000,58.0382,79.09845,48.11149999999999,13.9675402931982,20.176419413603593,76.04658058639639,20.42093287827076
2017-09-27,23.5,23.5,22.8,22.9,31000,57.356399999999994,78.88765000000001,46.283500000000004,14.773288581975445,16.736922836049114,75.83007716395089,20.4869697546129
2017-09-28,22.5,23.33,22.48,23.0,33000,56.65639999999999,78.66109999999999,44.609,15.438538211413467,13.731923577173067,75.48607642282694,19.101993419779376
2017-09-29,22.65,23.29,22.61,23.27,35000,55.90379999999999,78.4329,43.035000000000004,15.946595577938465,11.141808844123073,74.92819115587693,19.685497961560856
2017-10-02,22.77,23.45,22.3,22.31,46000,55.08,78.20785,41.372499999999995,16.301366063196266,8.769767873607464,73.97523212639253,19.473785289033998
2017-10-03,22.1,22.5,21.2,21.34,68000,54.236599999999996,77.96894999999999,39.661,16.527653987054574,6.605692025890853,72.71630797410916,16.95702671312428
2017-10-04,21.85,21.85,20.28,20.37,69000,53.34,77.73225000000001,37.9285,16.64855968956035,4.631380620879298,71.2256193791207,15.925642008432362
2017-10-05,20.0,20.0,19.36,19.36,72000,52.4472,77.4764,36.2,16.694315452304856,2.8113690953902903,69.58863090460972,15.928694652098912
2017-10-06,19.0,19.75,18.4,18.74,249500,51.562,77.22149999999999,34.3905,16.517703572706523,1.3550928545869567,67.42590714541305,11.12887112887114
2017-10-09,18.54,19.2,18.32,18.35,197500,50.606,76.96695,32.583000000000006,16.175713796989545,0.23157240602091633,64.9344275939791,5.85396558959296
2017-10-10,18.11,18.5,17.51,18.24,76500,49.581799999999994,76.7188,30.79,15.64383853824052,-0.49767707648103965,62.07767707648104,25.18050541516247
2017-10-11,18.7,19.24,18.5,18.63,274000,48.495999999999995,76.4689,28.947499999999998,14.725983793425272,-0.504467586850545,58.39946758685054,19.436345966958214
2017-10-12,18.79,18.79,17.63,17.65,75500,47.3326,76.19695,27.033500000000004,13.468379449659619,0.09674110068076658,53.97025889931924,7.577268195413765
2017-10-13,17.97,17.97,16.65,16.66,146500,46.1658,75.90355,25.121000000000002,11.929408111668854,1.2621837766622939,48.97981622333771,7.802874743326512
2017-10-16,16.65,17.5,16.06,16.56,138500,45.00299999999999,75.6233,23.066499999999998,9.275435172087242,4.515629655825514,41.61737034417448,8.656036446469258
2017-10-17,16.6,17.0,16.06,16.2,252000,43.9076,75.34175,20.854999999999997,3.145115678571053,14.564768642857892,27.1452313571421,9.245742092457448
2017-10-18,15.71,15.9,15.2,15.2,144000,42.8112,75.0601,20.428,3.3083031109163477,13.811393778167306,27.044606221832694,7.236842105263165
2017-10-19,15.62,15.62,14.66,15.29,133500,41.785599999999995,74.7808,19.9465,3.3208801544191036,13.304739691161792,26.58826030883821,5.3691275167785335
2017-10-20,15.03,16.14,15.03,15.99,207500,40.78959999999999,74.51035,19.438,3.0899797308165033,13.258040538366991,25.617959461633006,13.59447004608296
2017-10-23,16.25,16.25,15.3,15.4,49500,39.7906,74.23825,18.964,2.934442294365688,13.095115411268623,24.832884588731375,14.216867469879531
2017-10-24,14.7,15.6,14.6,14.9,142000,38.8236,73.96650000000001,18.517999999999997,2.8336801438958488,12.850639712208299,24.185360287791696,15.070242656449565
2017-10-25,15.0,15.9,15.0,15.9,356000,37.863,73.7009,18.168,2.692749719644678,12.782500560710643,23.553499439289354,27.877237851662414
2017-10-26,16.1,16.79,16.1,16.63,305000,36.975,73.43804999999999,17.8495,2.4575929066368594,12.93431418672628,22.76468581327372,36.69609079445146
2017-10-27,16.35,16.4,15.63,16.07,324000,36.0232,73.17089999999999,17.4895,2.126874343655316,13.235751312689366,21.743248687310633,35.925925925925924
2017-10-30,15.42,15.99,15.26,15.7,37500,35.07,72.89795,17.159,1.8314328586668274,13.496134282666343,20.821865717333655,34.808612440191396
2017-10-31,15.25,15.59,15.25,15.48,1500,34.1192,72.6251,16.866,1.578641654619353,13.708716690761294,20.023283309238707,30.769230769230774
2017-11-01,15.68,15.85,15.25,15.48,106500,33.2212,72.34745,16.6215,1.3726166904720787,13.876266619055844,19.366733380944158,34.95145631067962
2017-11-02,15.3,15.3,14.55,14.59,35000,32.3134,72.07165,16.383,1.2832405525873407,13.816518894825318,18.94948110517468,35.443037974683534
2017-11-03,14.4,15.0,14.4,14.93,59500,31.43,71.79235,16.192500000000003,1.194667427853088,13.803165144293827,18.581834855706177,38.91156462585034
2017-11-06,14.8,14.8,14.5,14.63,4000,30.5996,71.5029,16.0065,1.1288572470537501,13.7487855058925,18.2642144941075,39.231824417009605
2017-11-07,14.31,14.31,14.0,14.08,31500,29.721600000000002,71.21115,15.798499999999999,1.0777572961891562,13.642985407621687,17.95401459237831,41.812865497076025
2017-11-08,13.81,14.34,13.81,14.22,10500,28.816799999999997,70.902,15.578,0.905292043611251,13.767415912777498,17.3885840872225,42.23512336719885
2017-11-09,14.5,15.13,14.35,14.87,34500,27.9844,70.5771,15.439000000000002,0.7743649350576954,13.89027012988461,16.98772987011539,41.81286549707601
2017-11-10,14.4,14.64,14.4,14.62,2500,27.1818,70.2312,15.337,0.7385982456223394,13.85980350875532,16.81419649124468,43.999999999999986
2017-11-13,14.4,14.5,14.4,14.46,20000,26.3598,69.86355,15.232,0.7040454530890464,13.823909093821907,16.64009090617809,46.42857142857143
2017-11-14,14.5,15.4,14.5,15.13,41000,25.551,69.4773,15.1785,0.6662564308089761,13.845987138382048,16.511012861617953,43.39622641509434
2017-11-15,15.15,15.3,15.0,15.15,14500,24.753599999999995,69.0681,15.175999999999998,0.6662653177973319,13.843469364405335,16.508530635594663,35.546875
2017-11-16,15.15,15.25,14.85,15.0,11000,23.975,68.63395,15.161499999999998,0.6668091733768978,13.827881653246203,16.495118346753795,38.64118895966029
2017-11-17,14.76,14.76,14.5,14.54,13000,23.1672,68.21615,15.088999999999999,0.6506183293926616,13.787763341214676,16.390236658785323,37.916666666666664
2017-11-20,14.99,15.2,14.85,14.94,26000,22.375999999999998,67.77585,15.065999999999999,0.6471671060655666,13.771665787868866,16.360334212131132,44.57831325301204
2017-11-21,15.19,15.8,15.15,15.5,188000,21.603999999999996,67.31265,15.096,0.6529479708575257,13.79010405828495,16.40189594171505,50.18050541516246
2017-11-22,15.7,16.0,15.26,15.39,122500,20.802200000000003,66.83355,15.0705,0.6294314477239011,13.811637104552197,16.3293628954478,58.40336134453783
2017-11-23,15.4,15.4,14.85,14.89,70000,19.9814,66.34425,14.983500000000001,0.5117902016859194,13.959919596628163,16.00708040337184,49.59349593495936
2017-11-24,15.3,15.3,15.0,15.14,1500,19.186,65.8839,14.937000000000001,0.445882920689696,14.045234158620609,15.828765841379393,55.23613963039014
2017-11-27,15.0,15.0,14.85,15.0,27500,18.333,65.3985,14.902000000000001,0.4087670807821982,14.084465838435605,15.719534161564397,60.313901345291484
2017-11-28,14.75,15.0,14.75,14.91,24000,17.4226,64.88465000000001,14.873499999999998,0.38555871969286915,14.10238256061426,15.644617439385737,57.823129251700685
2017-11-29,14.76,15.0,14.76,14.93,21000,17.2464,64.37754999999999,14.845999999999998,0.3587023396027292,14.12859532079454,15.563404679205457,50.793650793650805
2017-11-30,14.76,14.81,14.17,14.67,178500,17.0414,63.88615,14.85,0.35613421481624996,14.1377315703675,15.5622684296325,50.65963060686017
2017-12-04,14.51,14.56,14.41,14.55,82500,16.809199999999997,63.40255,14.831,0.3617341274510737,14.107531745097852,15.554468254902147,51.20000000000001
2017-12-05,15.0,15.3,14.55,14.96,48500,16.610799999999998,62.9178,14.8475,0.35960321703181325,14.128293565936374,15.566706434063626,47.56446991404012
2017-12-06,15.0,15.5,15.0,15.18,56500,16.438000000000002,62.437349999999995,14.9025,0.3177200853691658,14.267059829261669,15.537940170738331,50.40650406504064
2017-12-07,14.9,14.9,14.4,14.6,73000,16.272,61.972,14.9215,0.2843695705362783,14.352760858927443,15.490239141072557,45.145631067961155
2017-12-08,14.5,15.08,14.5,14.95,35000,16.111,61.53229999999999,14.9255,0.28416961209189917,14.357160775816201,15.493839224183798,55.11221945137157
2017-12-11,14.57,14.6,13.96,14.1,82000,15.9276,61.06264999999999,14.899499999999998,0.3331583312775204,14.233183337444958,15.565816662555038,40.5829596412556
2017-12-12,13.41,13.5,13.1,13.26,128500,15.7466,60.6126,14.839500000000001,0.4883751254653688,13.862749749069263,15.81625025093074,26.37130801687762
2017-12-13,13.4,13.68,13.35,13.6,25500,15.591800000000001,60.138450000000006,14.763,0.5556702922593948,13.65165941548121,15.874340584518789,31.991951710261546
2017-12-14,13.9,13.9,12.8,13.01,27000,15.444600000000001,59.63425,14.656,0.6712470719447442,13.313505856110512,15.99849414388949,31.422924901185752
2017-12-15,13.0,13.2,13.0,13.01,14000,15.3176,59.1467,14.556500000000003,0.7592882747850022,13.037923450429998,16.075076549570007,27.85862785862784
2017-12-18,13.49,13.5,13.0,13.0,13000,15.2028,58.675,14.479500000000002,0.835328331297401,12.8088433374052,16.150156662594803,28.632478632478623
2017-12-19,12.9,12.99,12.14,12.59,29500,15.087599999999998,58.2117,14.362,0.927353903951118,12.507292192097765,16.216707807902235,26.799999999999983
2017-12-20,13.0,13.1,12.78,12.9,81500,14.980800000000002,57.7534,14.232,0.9415586182466015,12.348882763506797,16.1151172364932,30.812854442344047
2017-12-21,12.6,12.99,12.6,12.87,19000,14.865600000000002,57.269,14.106,0.947036374566659,12.211927250866681,16.000072749133317,32.21343873517786
2017-12-22,13.0,13.6,13.0,13.24,60000,14.7774,56.805200000000006,14.023499999999999,0.9470134495875656,12.129473100824868,15.91752689917513,37.66478342749529
2017-12-26,13.1,13.5,13.0,13.2,13500,14.7082,56.3557,13.926499999999999,0.9257501936635902,12.07499961267282,15.778000387327179,32.186234817813755
2017-12-27,13.2,13.8,13.2,13.65,28500,14.65,55.90644999999999,13.859,0.8919576341218142,12.075084731756371,15.642915268243629,35.20309477756288
2017-12-28,13.5,14.25,13.5,14.02,61000,14.6064,55.45615,13.8145,0.8583305399466061,12.097838920106788,15.531161079893213,44.153225806451616
2017-12-29,14.0,14.0,13.4,13.53,23000,14.573,54.9788,13.744499999999999,0.818744063869065,12.107011872261868,15.38198812773813,36.07843137254903
2018-01-01,13.26,13.5,13.0,13.4,40500,14.5352,54.47665,13.681000000000001,0.7919988038366821,12.097002392326637,15.264997607673365,42.00913242009133
2018-01-02,13.18,13.75,13.18,13.56,63500,14.4866,53.9786,13.631499999999999,0.7653157243323313,12.100868551335337,15.162131448664661,54.054054054054056
2018-01-03,13.97,14.0,13.55,13.93,43500,14.4572,53.5013,13.580000000000002,0.7033603553579597,12.173279289284082,14.986720710715922,54.42359249329758
2018-01-04,13.94,14.36,13.94,14.13,84000,14.4418,53.006949999999996,13.5275,0.6107361821819016,12.306027635636196,14.748972364363803,66.76646706586826
2018-01-05,14.5,14.6,14.25,14.25,126000,14.408800000000001,52.5252,13.51,0.5827611228723056,12.344477754255388,14.675522245744611,67.91907514450867
2018-01-08,14.11,14.59,14.11,14.28,57000,14.3618,52.07125,13.476499999999998,0.51038968601898,12.455720627962037,14.497279372037958,68.39080459770113
2018-01-09,14.3,14.3,14.0,14.1,50000,14.3224,51.63025,13.476499999999998,0.51038968601898,12.455720627962037,14.497279372037958,73.23076923076921
2018-01-10,13.3,14.6,13.3,14.47,42000,14.2978,51.18514999999999,13.537,0.5532877808488547,12.43042443830229,14.64357556169771,73.71601208459214
2018-01-11,14.5,14.51,14.21,14.3,94000,14.2742,50.73665,13.572,0.5790245881651342,12.413950823669731,14.730049176330267,70.72463768115944
2018-01-12,14.8,15.24,14.5,14.61,500500,14.2568,50.284699999999994,13.651999999999997,0.6071382397122133,12.43772352057557,14.866276479424425,70.20648967551622
2018-01-15,14.4,14.4,13.9,14.0,100000,14.245,49.843999999999994,13.7015,0.5922150658553877,12.517069868289223,14.885930131710776,60.10101010101012
2018-01-16,14.1,15.0,14.1,14.49,267000,14.236200000000002,49.40145,13.776,0.5930421126564165,12.589915774687167,14.962084225312832,60.50000000000001
2018-01-17,14.5,15.49,14.5,15.45,446000,14.252600000000003,48.954049999999995,13.919000000000002,0.6353192318286408,12.64836153634272,15.189638463657284,65.5773420479303
2018-01-18,16.0,16.45,15.8,16.45,992500,14.3,48.5045,14.0965,0.8080664055663952,12.480367188867211,15.71263281113279,78.62745098039218
2018-01-19,16.8,17.45,16.8,17.45,761500,14.364600000000001,48.0575,14.3255,1.0537975187586108,12.217904962482779,16.433095037517223,83.91959798994975
2018-01-22,18.45,18.45,17.85,18.45,678000,14.4362,47.61455,14.585999999999999,1.3683505245039336,11.849298950992132,17.322701049007865,85.90308370044053
2018-01-23,19.2,19.45,18.5,19.45,486500,14.5328,47.19179999999999,14.898499999999999,1.7069464117678064,11.484607176464387,18.31239282353561,87.0967741935484
2018-01-24,20.0,20.45,19.8,20.45,1637000,14.652600000000001,46.789049999999996,15.238499999999998,2.0813464139234985,11.075807172153002,19.401192827846995,88.3495145631068
2018-01-25,21.1,21.1,19.45,19.9,930500,14.748,46.375499999999995,15.532499999999999,2.303591874949014,10.925316250101972,20.139683749898026,82.5836216839677
2018-01-26,19.0,19.84,18.9,18.9,1388000,14.823,45.97374999999999,15.800999999999998,2.369903173685977,11.061193652628045,20.54080634737195,73.96265560165975
2018-01-29,17.9,17.9,17.9,17.9,13500,14.880999999999998,45.57280000000001,16.026000000000003,2.34342169981699,11.339156600366024,20.712843399633982,68.16443594646272
2018-01-30,18.19,18.9,18.0,18.82,1331500,14.966600000000001,45.191900000000004,16.289,2.34725797474739,11.594484050505223,20.98351594949478,69.75476839237058
2018-01-31,19.3,19.82,19.21,19.82,910000,15.064199999999998,44.8164,16.5835,2.404505146597773,11.774489706804456,21.392510293195546,73.3108108108108
2018-02-01,20.49,20.5,19.07,19.28,590500,15.139799999999997,44.4379,16.841,2.403687736969436,12.033624526061129,21.648375473938874,69.34548467274234
2018-02-02,19.2,20.28,19.2,20.07,1060500,15.2334,44.067,17.131999999999998,2.4256970783270893,12.28060584334582,21.983394156654178,74.77551020408163
2018-02-06,19.61,20.74,19.16,20.57,548500,15.347000000000001,43.67665,17.4465,2.444153658278918,12.558192683442165,22.334807316557836,74.79608482871126
2018-02-07,21.2,21.59,20.9,21.59,562500,15.475999999999999,43.2896,17.821,2.477991334255749,12.865017331488502,22.7769826685115,74.91883116883118
2018-02-08,22.66,22.66,22.15,22.66,2133000,15.6292,42.9322,18.2305,2.5700839122107326,13.090332175578535,23.370667824421464,75.06053268765133
2018-02-09,22.4,23.79,21.8,23.79,1636500,15.8068,42.60135,18.705,2.67992046229462,13.34515907541076,24.064840924589237,75.31948881789137
2018-02-12,24.3,24.97,24.0,24.97,453500,16.0076,42.291199999999996,19.223000000000003,2.843017485184964,13.536965029630075,24.90903497036993,75.66929133858268
2018-02-13,25.6,26.21,25.6,26.21,341500,16.2384,41.96549999999999,19.8335,2.970525870512347,13.892448258975307,25.774551741024695,76.12055641421948
2018-02-14,26.2,26.25,24.9,24.9,1067000,16.4454,41.63335,20.354000000000003,2.8960452162822805,14.561909567435443,26.146090432564563,66.79245283018867
2018-02-15,24.01,25.99,23.66,24.93,1604000,16.6448,41.2891,20.827999999999996,2.826114312139147,15.175771375721702,26.48022862427829,69.75648075412411
2018-02-16,25.0,26.0,24.79,25.38,566000,16.848799999999997,40.966750000000005,21.274499999999996,2.8033635342705123,15.667772931458972,26.881227068541023,76.60098522167488
2018-02-19,26.63,26.64,25.75,26.64,1628000,17.0896,40.6599,21.734,2.8951600264858937,15.943679947028215,27.524320052971788,85.12861736334405
2018-02-20,26.6,27.1,26.15,26.4,987500,17.3186,40.3519,22.1315,2.9654488876521765,16.200602224695647,28.06239777530435,82.22789115646256
2018-02-21,26.69,27.15,26.25,26.46,666000,17.5658,40.051500000000004,22.482,3.0450332294468274,16.391933541106344,28.572066458893655,80.68391866913122
2018-02-22,26.0,26.2,25.7,25.99,280000,17.8204,39.74645,22.758999999999997,3.1019075625057027,16.55518487498859,28.962815125011403,81.20930232558135
2018-02-23,25.66,26.2,24.7,24.7,283000,18.042399999999997,39.4458,22.999,3.054387525823955,16.89022494835209,29.10777505164791,70.57777777777775
2018-02-26,24.21,25.93,24.05,25.84,758500,18.299,39.1717,23.346,2.9568624907979526,17.432275018404095,29.259724981595905,72.16148023549198
2018-02-27,25.61,26.1,25.04,25.39,242000,18.546599999999998,38.89645,23.720499999999998,2.693380726309638,18.333738547380722,29.107261452619273,66.78445229681978
2018-02-28,25.5,25.6,25.26,25.3,43500,18.7926,38.6133,24.0445,2.451767300285841,19.140965399428318,28.94803460057168,62.7659574468085
2018-03-01,25.3,25.51,25.0,25.4,73000,19.0488,38.326100000000004,24.3235,2.2553591731726534,19.812781653654692,28.834218346345306,58.64661654135337
2018-03-02,25.69,26.67,25.6,26.23,630500,19.3154,38.042249999999996,24.671,1.9524475867385913,20.766104826522817,28.575895173477182,57.03125
2018-03-05,26.02,26.94,26.0,26.52,295000,19.5884,37.7682,24.9935,1.6638328452269586,21.665834309546085,28.321165690453917,51.93508114856428
2018-03-06,26.58,26.75,26.01,26.11,71000,19.8458,37.49245,25.2705,1.3127531334899085,22.644993733020183,27.896006266979814,58.50914205344585
2018-03-07,26.7,26.7,26.16,26.3,87000,20.1078,37.22395,25.506,1.0038787932777553,23.49824241344449,27.51375758655551,59.422283356258596
2018-03-08,26.2,26.4,25.9,25.94,151000,20.3536,36.95865,25.669999999999998,0.7503823586841286,24.169235282631742,27.170764717368254,53.89972144846797
2018-03-09,25.8,25.8,25.5,25.51,22500,20.583399999999997,36.71025,25.756,0.6087813538996752,24.53843729220065,26.97356270779935,41.10236220472442
2018-03-12,26.0,26.0,25.55,25.98,162500,20.832399999999996,36.45975000000001,25.8065,0.5814254262840575,24.643649147431884,26.969350852568116,46.80851063829789
2018-03-13,26.0,27.27,25.8,27.17,1250500,21.1078,36.21665,25.8545,0.6518514118813398,24.55079717623732,27.158202823762682,54.60440985732814
2018-03-14,27.2,28.52,27.0,28.49,3484000,21.406399999999998,35.98505,26.034000000000002,0.8417925735333369,24.35041485293333,27.717585147066675,64.60280373831776
2018-03-15,28.79,29.5,28.1,29.13,713500,21.7104,35.75515,26.244,1.050014536246775,24.14397092750645,28.344029072493548,78.00252844500633
