Symbol,EPS,PE_Ratio,Dividend_Yield,ROE,Book_Value,Debt_to_Equity
786,0.08,354.25,,,16.113,
786R,,,,,,
AABS,11.27,79.86,,,493.302,
AAL,0.17,,,,,
AASM,(2.69),-1.3,,,-4.948,
AATM,0.60,83.97,,,66.381,
ABL,7.21,24.81,,,217.355,
ABOT,19.82,45.3,,,344.108,
ABSON,,,,,,
ACIETF,,,,,,
ACPL,6.21,34.85,,,173.522,
ADAMS,2.85,28.27,,,293.709,
ADMM,(1.64),-50.55,,,87.7,
ADOS,(2.18),-13.3,,,,
ADTM,,,,,,
AEL,0.18,187.11,,,,
AGHA,(1.53),-4.83,,,33.54,
AGIC,1.51,22.43,,,44.209,
AGICR2,,,,,,
AGIL,2.47,69.33,,,186.489,
AGL,(1.70),-27.9,,,31.631,
AGLNCPS,,,,,31.631,
AGP,1.99,94.06,,,58.267,
AGSML,(0.90),-9.19,,,-12.965,
AGTL,11.69,30.48,,,193.389,
AHCL,(1.99),-7.22,,,12.46,
AHL,3.98,26.46,,,29.817,
AHTM,1.36,65.44,,,275.063,
AICL,3.74,20.46,,,145.289,
AIRLINK,1.21,110.26,,,44.84,
AKBL,4.53,20.52,,,96.713,
AKDCL,,,,,,
AKDHL,0.10,1601.0,,,14.8,
AKDSL,(1.30),-24.61,,,24.898,
AKGL,(0.73),-77.44,,,34.209,
AKZO,2.89,93.43,,,,
ALAC,0.09,141.56,,,4.152,
ALIFE,0.35,101.57,,,24.13,
ALNRS,4.98,24.9,,,354.206,
ALQT,,,,,,
ALTN,(0.10),-86.5,,,15.197,
AMBL,(0.87),-34.11,,,-24.498,
AMSL,,,,,,
AMTEX,(0.23),-19.22,,,-32.062,
ANL,0.36,27.56,,,30.128,
ANNT,,,,,,
ANSM,(4.96),-2.61,,,45.09,
ANTM,(3.54),-8.04,,,88.901,
APL,67.07,8.78,,,541.976,
APOT,(1.73),-17.06,,,,
AQTM,,,,,,
ARCTM,1.55,17.75,,,,
ARM,0.50,55.8,,,,
ARMG,(0.20),-250.0,,,,
ARPAK,(44.27),-1.93,,,69.599,
ARPL,9.72,40.64,,,127.591,
ARUJ,(0.54),-20.89,,,-12.079,
ASC,(0.18),-57.56,,,0.944,
ASCR1,,,,,,
ASHT,(0.24),-249.62,,,21.411,
ASIC,0.09,376.33,,,,
ASL,0.06,193.33,,,21.689,
ASLCPS,,,,,21.689,
ASLPS,,,,,21.689,
ASRL,0.06,1650.0,,,,
ASTL,(1.03),-15.17,,,35.182,
ASTM,3.15,6.3,,,30.644,
ATBA,(1.42),-157.41,,,227.145,
ATIL,3.62,19.4,,,70.383,
ATLH,45.42,37.54,,,327.966,
ATRL,106.41,8.44,,,1437.892,
AVN,(0.01),-3338.0,,,33.698,
AWTX,(32.86),-42.94,,,1847.148,
AWWAL,0.17,58.82,,,,
AYTM,1.39,143.88,,,,
AYZT,,,,,,
AZMT,,,,,,
AZTM,(0.74),-0.35,,,,
BAFL,,7.362401,,,60.443,
BAFS,(9.90),-24.16,,,546.063,
BAHL,6.38,26.27,,,145.17,
BAPL,(1.90),-22.12,,,413.967,
BATA,(32.05),-29.83,,,686.517,
BBFL,1.18,35.63,,,,
BCL,0.58,113.93,,,27.962,
BCML,(6.71),-6.35,,,,
BECO,0.22,23.91,,,3.183,
BEEM,,,,,,
BELA,(0.61),-117.82,,,,
BERG,2.78,32.22,,,155.12,
BFAGRO,0.56,57.16,,,,
BFBIO,1.33,106.58,,,,
BFMOD,0.02,1073.5,,,24.359,
BGL,(0.19),-53.37,,,-0.855,
BHAT,7.72,105.23,,,3604.829,
BIFO,1.83,59.6,,,70.444,
BIIC,,,,,,
BILF,(0.01),-3839.0,,,-0.081,
BIPL,0.81,30.75,,,43.764,
BIPLS,0.10,386.3,,,9.303,
BLUEX,0.32,19.66,,,,
BML,(0.71),-75.28,,,,
BNL,0.09,88.44,,,3.963,
BNWM,(1.91),-33.25,,,351.584,
BOK,0.87,37.93,,,20.447,
BOP,1.46,23.62,,,29.137,
BPBL,(0.15),-115.4,,,,
BPL,4.02,9.3,,,18.154,
BROT,(0.52),-8.08,,,,
BRR,,,,,,
BRRG,(5.53),-7.5,,,,
BTL,(19.48),-66.43,,,1237.629,
BUXL,(5.32),-27.93,,,127.31,
BWCL,11.43,38.63,,,207.348,
BWHL,5.68,34.71,,,177.498,
BYCO,(0.13),-47.46,,,,
CASH,0.27,186.3,,,28.322,
CCM,0.43,87.67,,,291.988,
CECL,(2.61),-38.31,,,,
CENI,0.38,136.84,,,62.384,
CEPB,(0.16),-181.81,,,33.395,
CFL,(7.68),-7.81,,,259.429,
CHAS,8.09,9.32,,,350.776,
CHBL,(1.40),-5.47,,,-10.773,
CHCC,7.24,37.89,,,171.429,
CJPL,,,,,-9.286,
CLCPS,,,,,-10.773,
CLOUD,(0.60),-104.75,,,,
CLOV,2.41,3.35,,,1.63,
CLVL,(0.17),-76.71,,,12.19,
CNERGY,2.68,3.09,,,37.859,
COLG,19.67,55.72,,,159.663,
COST,,,,,,
COTT,,,,,,
CPAL,0.81,23.22,,,23.931,
CPHL,1.21,61.67,,,46.73,
CPPL,0.56,134.0,,,182.421,
CRTM,0.07,1168.57,,,130.477,
CSAP,0.22,397.64,,,115.456,
CSIL,(0.26),-24.27,,,9.034,
CSILR3,,,,,,
CSM,0.17,16.53,,,,
CTM,(1.20),-5.62,,,18.821,
CWSM,(0.23),-222.52,,,9.859,
CYAN,6.02,6.96,,,37.363,
DAAG,(2.15),-26.14,,,70.053,
DADX,(4.61),-11.92,,,28.69,
DATM,(0.34),-6.91,,,,
DAWH,4.03,68.31,,,143.558,
DBCI,(0.08),-81.38,,,2.284,
DBSL,(0.20),-35.0,,,,
DCL,0.21,43.19,,,50.56,
DCM,,,,,,
DCR,0.65,55.32,,,34.22,
DCTL,(0.46),-0.17,,,,
DEL,0.60,28.42,,,16.495,
DFML,(0.73),-22.74,,,-30.838,
DFSM,(0.33),-46.82,,,98.158,
DGKC,5.71,30.62,,,258.7,
DHPL,0.96,27.66,,,,
DIIL,3.30,22.61,,,41.717,
DINT,1.16,59.05,,,151.017,
DKL,(5.76),-4.65,,,,
DKTM,(0.74),-1.27,,,5.077,
DLL,(54.90),-9.29,,,564.581,
DMC,24.09,7.76,,,,
DMIL,4.43,11.21,,,,
DMTM,(0.76),-11.26,,,17.525,
DMTX,(1.28),-27.31,,,213.09,
DNCC,,,,,12.046,
DOL,0.14,206.0,,,18.848,
DOLCPS,,,,,,
DOMF,,,,,,
DSFL,(0.19),-4.63,,,-45.509,
DSIL,(0.13),-58.08,,,2.259,
DSL,(0.12),-55.33,,,14.289,
DSML,(0.01),-5125.0,,,6.317,
DWAE,(0.57),-37.32,,,-74.846,
DWSM,(2.07),-2.98,,,-15.881,
DWTM,(0.61),-14.39,,,-62.209,
DYNO,16.46,18.83,,,277.826,
ECOP,3.16,13.91,,,34.371,
EFERT,2.17,91.13,,,32.058,
EFGH,0.78,97.08,,,13.787,
EFOODS,0.11,475.73,,,,
EFUG,5.32,23.01,,,135.304,
EFUL,3.76,38.69,,,89.369,
ELCM,(4.67),-36.4,,,71.289,
ELSM,2.40,47.84,,,393.893,
EMCO,0.96,46.78,,,95.489,
ENGL,,,,,,
ENGRO,6.84,70.96,,,265.634,
ENGROH,(0.09),-3049.44,,,,
EPCL,0.55,58.98,,,22.963,
EPCLPS,,,,,22.963,
EPCLR1,,,,,,
EPQL,0.47,49.15,,,35.313,
ESBL,(0.14),-93.79,,,3.372,
EWIC,1.72,33.69,,,19.89,
EWICR1,,,,,,
EWLA,(0.01),-2150.0,,,,
EXIDE,(6.24),-87.33,,,897.757,
EXTR,,,,,,
FABL,3.40,25.92,,,75.021,
FAEL,(59.41),-0.24,,,,
FANM,(1.11),-5.05,,,10.692,
FASM,(20.68),-17.37,,,1217.08,
FATIMA,1.99,66.68,,,76.158,
FCCL,1.41,33.98,,,36.09,
FCEL,(0.66),-8.48,,,4.425,
FCEPL,2.41,39.51,,,22.132,
FCIBL,0.31,120.55,,,13.933,
FCL,0.63,34.86,,,,
FCONM,,,,,,
FCSC,(0.04),-119.25,,,7.526,
FDIBL,0.07,41.71,,,,
FDMF,,,,,,
FDPL,0.01,427.0,,,4.646,
FECM,(0.27),-59.56,,,11.951,
FECTC,0.47,181.7,,,100.464,
FEM,,,,,12.287,
FEROZ,3.46,108.37,,,292.829,
FFBL,6.20,14.35,,,50.515,
FFC,12.14,41.94,,,182.605,
FFL,0.13,126.62,,,4.229,
FFLM,0.06,112.67,,,11.268,
FFLNV,,,,,,
FFLR1,,,,,,
FHAM,1.88,16.28,,,52.188,
FIBLM,0.22,50.86,,,11.392,
FIL,(0.09),-1859.11,,,,
FIM,,,,,,
FIMM,,,,,82.256,
FLYNG,0.29,145.03,,,18.233,
FLYNGR1,,,,,,
FML,0.10,505.6,,,82.552,
FNBM,(0.11),-5.82,,,-0.896,
FNEL,,,,,0.405,
FPJM,(0.66),-10.95,,,46.488,
FPRM,0.07,175.86,,,20.344,
FRCL,1.37,52.41,,,53.3,
FRSM,1.87,23.53,,,62.909,
FSWL,(1.65),-51.03,,,281.03,
FTHM,,,,,,
FTMM,0.07,178.57,,,13.281,
FTSM,,,,,15.713,
FUDLM,(0.08),-100.0,,,,
FZCM,4.72,54.64,,,1681.256,
GADT,2.59,97.51,,,853.06,
GAIL,(0.14),-52.86,,,,
GAILR1,,,,,,
GAL,17.14,24.63,,,,
GAMON,0.11,186.09,,,27.755,
GASF,(1.24),-5.4,,,6.906,
GATI,(0.82),-106.79,,,110.753,
GATM,(0.27),-83.63,,,70.074,
GCIL,1.23,22.96,,,,
GCILB,,,,,,
GCWL,0.22,73.5,,,,
GDL,0.33,62.85,,,,
GEMBCEM,0.02,575.0,,,,
GEMBLUEX,0.56,131.25,,,46.009,
GEMMEL,0.01,2714.0,,,,
GEMNETS,0.35,49.57,,,,
GEMPACRA,0.29,99.97,,,,
GEMPAPL,0.55,18.18,,,23.183,
GEMSPNL,0.84,102.32,,,23.636,
GEMUNSL,0.40,50.0,,,,
GENP,(0.68),-1.31,,,,
GFIL,(2.20),-13.77,,,120.35,
GGGL,0.08,99.12,,,11.968,
GGGLR1,,,,,,
GGL,0.01,1807.0,,,20.56,
GGLR1,,,,,,
GHGL,2.29,15.98,,,39.227,
GHGLR1,,,,,,
GHNI,59.16,13.5,,,372.476,
GHNL,3.13,10.83,,,133.819,
GIL,2.65,377.36,,,3373.375,
GLAT,(2.34),-27.78,,,,
GLAXO,8.20,41.33,,,105.74,
GLOT,,,,,,
GLPL,(0.95),-746.34,,,31.852,
GOC,2.22,38.23,,,92.154,
GOEM,(7.16),-5.59,,,,
GRR,0.54,37.41,,,13.581,
GRYL,,,,,3.535,
GSKCH,(2.95),-40.76,,,,
GSPM,(0.15),-26.0,,,-134.172,
GTECH,0.10,85.8,,,,
GTECHBR,,,,,,
GTYR,(1.49),-18.21,,,53.927,
GUSM,0.88,6.99,,,-114.329,
GUTM,(1.52),-9.87,,,,
GVGL,2.17,25.06,,,31.461,
GWLC,1.32,33.8,,,64.596,
HABSM,2.87,24.77,,,123.932,
HACC,(0.58),-32.16,,,,
HADC,(0.01),-1651.0,,,0.317,
HAEL,0.25,77.28,,,40.341,
HAFL,,,,,533.926,
HAJT,,,,,,
HAL,3.08,12.42,,,,
HALEON,13.03,55.97,,,126.45,
HASCOL,0.45,47.4,,,-93.259,
HASCOLR1,,,,,,
HATM,(0.47),-2.06,,,,
HBL,10.51,27.01,,,331.965,
HBLTETF,,,,,,
HCAR,4.59,45.65,,,171.728,
HCL,32.23,29.76,,,70.94,
HGFA,0.06,252.5,,,,
HICL,0.71,14.42,,,19.116,
HIFA,0.95,5.11,,,,
HINO,(3.20),-103.26,,,237.103,
HINOON,18.04,51.54,,,259.572,
HIRAT,(0.71),-5.9,,,-8.684,
HKKT,,,,,,
HMB,4.67,24.95,,,122.992,
HMICL,1.28,4.84,,,,
HMIM,(0.12),-72.92,,,0.548,
HMM,0.28,20.71,,,,
HPL,74.71,53.22,,,923.235,
HRPL,(1.22),-14.59,,,18.59,
HSM,(1.45),-8.83,,,,
HSMCPS,,,,,,
HSMPSR,,,,,,
HSMR1,,,,,,
HSPI,0.29,30.38,,,95.504,
HTL,1.64,26.1,,,45.177,
HUBC,7.15,31.16,,,171.103,
HUMNL,0.28,39.46,,,10.598,
HUSI,,0.45382753,,,-1.714,
HWQS,2.82,6.94,,,11.412,
IBFL,(1.03),-220.26,,,185.892,
IBLHL,0.63,72.65,,,24.65,
ICCI,0.15,81.87,,,29.755,
ICCT,0.15,12.67,,,,
ICI,20.74,28.52,,,312.664,
ICIBL,0.11,37.55,,,2.835,
ICL,2.81,51.36,,,108.508,
ICLR1,,,,,,
IDRT,(1.45),-19.73,,,105.375,
IDSM,(1.47),-19.33,,,13.54,
IDYM,(2.97),-42.7,,,609.179,
IFSL,(0.48),-328.79,,,,
IGIBL,0.00,,,,,
IGIHL,(0.66),-345.48,,,471.664,
IGIIL,(0.04),-7634.5,,,,
IGIL,0.47,42.49,,,16.095,
ILP,2.19,37.3,,,40.028,
ILTM,(721.27),-3.33,,,,
IMAGE,0.89,26.15,,,20.202,
IMAGER1,,,,,,
IML,0.12,196.33,,,106.064,
IMS,0.06,274.83,,,,
IMSL,1.56,8.87,,,,
INDU,85.21,25.01,,,979.041,
INIL,3.87,40.73,,,246.499,
INKL,0.06,1340.33,,,20.626,
INL,,,,,,
INMF,,,,,,
IPAK,0.53,55.77,,,,
IREIT,0.11,73.91,,,,
ISHT,(9.29),-1.94,,,,
ISIL,15.19,124.91,,,402.954,
ISL,1.82,40.6,,,58.656,
ISTM,(0.79),-10.11,,,,
ITANZ,1.12,25.86,,,,
ITSL,,,,,,
ITTEFAQ,(0.78),-9.81,,,22.79,
JATM,(2.51),-8.69,,,58.157,
JDMT,(10.90),-10.77,,,733.595,
JDWS,49.16,17.74,,,670.83,
JGICL,8.15,8.78,,,99.756,
JKSM,3.13,52.94,,,144.479,
JLICL,3.10,54.87,,,187.669,
JOPP,(0.44),-363.77,,,,
JOVC,2.02,0.94,,,,
JPGL,(0.59),-3.22,,,-37.279,
JSBL,0.51,26.78,,,33.36,
JSBLR1,,,,,,
JSCL,0.28,64.29,,,69.917,
JSCLR1,,,,,,
JSGBETF,,,,,,
JSGCL,7.51,19.0,,,136.85,
JSIL,1.03,39.5,,,42.879,
JSMFETF,,,,,,
JSML,1.07,95.88,,,310.152,
JUBS,(0.02),-3383.0,,,35.637,
JVDC,5.07,24.15,,,67.751,
JVDCPS,,,,,67.751,
JVDCR1,,,,,,
KACM,0.30,53.33,,,,
KAKL,,,,,,
KAPCO,0.78,35.04,,,63.305,
KASBM,0.32,3.72,,,,
KCL,(1.92),-76.51,,,62.068,
KEL,0.21,36.1,,,3.584,
KHSM,1.65,5.24,,,,
KHTC,68.63,4.6,,,320.831,
KHYT,(2.14),-754.52,,,,
KML,0.03,277.67,,,20.455,
KOHC,2.03,38.62,,,60.073,
KOHE,1.32,11.91,,,26.635,
KOHP,0.20,133.35,,,10.547,
KOHTM,3.48,14.88,,,221.476,
KOIL,0.62,76.76,,,35.56,
KOSM,(0.05),-109.8,,,0.33,
KPUS,5.80,128.27,,,318.119,
KSBP,2.28,84.05,,,137.766,
KSTM,(0.38),-24.39,,,-8.431,
KTML,0.65,72.98,,,60.011,
LCI,4.00,57.0,,,122.818,
LEUL,(0.07),-455.14,,,2.56,
LINDE,9.59,25.03,,,,
LIVEN,(0.03),-1211.33,,,,
LIVENR,,,,,,
LMSM,12.17,5.25,,,76.102,
LOADS,0.44,29.98,,,14.067,
LOADSR1,,,,,,
LOTCHEM,0.97,27.06,,,15.541,
LPCL,0.41,51.71,,,,
LPGL,0.17,457.24,,,148.297,
LPL,0.76,26.04,,,42.009,
LSECL,0.02,264.5,,,,
LSECLR,,,,,,
LSEFSL,(0.42),-33.33,,,,
LSEPL,0.06,77.5,,,,
LSEVL,(0.09),-99.56,,,,
LSEVLR,,,,,,
LUCK,9.21,44.64,,,262.761,
MACFL,1.83,17.65,,,37.442,
MACTER,2.00,137.37,,,86.14,
MARI,17.63,35.89,,,237.744,
MCB,10.80,37.2,,,283.876,
MCBAH,1.46,16.44,,,,
MCBIM,2.14,81.32,,,56.392,
MDTL,0.11,53.18,,,-1.875,
MDTM,,,,,,
MEBL,13.00,37.45,,,157.879,
MEHT,6.41,39.0,,,632.284,
MERIT,(0.24),-41.42,,,12.01,
MERITR1,,,,,,
META,0.21,46.05,,,,
MFFL,(2.92),-52.62,,,33.324,
MFFLR1,,,,,,
MFL,0.24,222.46,,,88.346,
MFTM,,,,,,
MIIETF,,,,,,
MIRKS,,0.9358082,,,37.78,
MLCF,0.92,84.64,,,76.425,
MLCFR1,,,,,,
MODAM,(0.01),-573.0,,,,
MODAMR1,,,,,,
MOHE,,,,,,
MOIL,(4.98),-2.06,,,,
MOON,(0.49),-44.9,,,,
MQTM,(56.11),-0.34,,,73.513,
MRNS,2.63,24.4,,,66.158,
MSCL,0.03,1410.0,,,26.502,
MSOT,2.78,25.23,,,247.755,
MSOTPS,,,,,,
MTIL,(0.24),-163.92,,,,
MTL,15.62,33.98,,,43.508,
MUBT,,,,,37.914,
MUGHAL,1.25,56.59,,,82.06,
MUGHALC,0.70,88.51,,,,
MUGHALR1,,,,,,
MUKT,,,,,,
MUREB,23.17,40.29,,,677.789,
MWMP,0.57,93.98,,,,
MZNPETF,,,,,,
MZSM,(5.82),-0.86,,,,
NAFL,,,,,,
NAGC,1.31,53.44,,,256.65,
NATF,11.43,33.0,,,128.087,
NATM,(8.49),-9.42,,,,
NBP,7.86,22.37,,,252.049,
NBPGETF,,,,,,
NCL,,,,,,
NCML,,,,,,
NCPL,,,,,,
NESTLE,,,,,,
NETSOL,2.52,49.44,,,,
NEXT,0.88,13.15,,,7.034,
NIB,0.02,70.5,,,,
NICL,2.01,84.05,,,88.796,
NINA,(1.27),-0.8,,,,
NITGETF,,,,,,
NMFL,,,,,,
NML,1.55,88.26,,,492.364,
NONS,5.45,16.25,,,129.877,
NORS,,,,,,
NPL,1.95,37.81,,,83.692,
NPSM,(18.49),-1.08,,,-32.258,
NRL,91.31,3.99,,,651.569,
NRSL,0.57,59.68,,,25.809,
NSRM,1.16,114.27,,,101.34,
OBOY,0.44,21.41,,,,
OBOYR1,,,,,,
OCTOPUS,(0.21),-148.95,,,17.301,
OGDC,9.82,31.24,,,321.707,
OLPL,2.10,23.81,,,62.355,
OLPM,0.99,23.77,,,29.238,
OLSM,(0.97),-12.34,,,,
OML,0.68,44.18,,,23.829,
ORIXM,0.48,34.38,,,23.812,
ORM,0.28,34.07,,,19.754,
OTSU,4.16,70.16,,,84.755,
PABC,3.85,26.94,,,60.801,
PACE,0.40,27.57,,,4.833,
PAEL,0.94,40.86,,,53.5,
PAKCEM,0.41,52.02,,,,
PAKD,0.26,438.08,,,120.649,
PAKL,(0.69),-63.41,,,-95.887,
PAKMI,,,,,,
PAKOXY,7.92,33.49,,,134.602,
PAKQATAR,0.15,121.4,,,,
PAKRI,0.64,24.77,,,28.736,
PAKT,36.57,38.38,,,183.817,
PASL,(0.06),-41.5,,,-2.868,
PASM,(0.05),-97.6,,,-35.463,
PCAL,(0.13),-1090.54,,,178.197,
PCML,(3.65),-25.87,,,,
PDGH,,,,,,
PECO,,,,,6504.622,
PGCL,4.41,68.03,,,,
PGF,5.86,5.21,,,,
PGIC,(0.16),-29.69,,,,
PGLC,0.44,29.77,,,17.075,
PHDL,,,,,79.046,
PIAA,,,,,-97.052,
PIAB,,,,,-97.052,
PIAHCLA,,,,,-108.74,
PIAHCLB,(0.01),-1745000.0,,,-108.74,
PIBTL,0.33,46.09,,,9.849,
PICL,,,,,,
PICT,0.44,103.84,,,11.971,
PIF,2.98,4.52,,,,
PIL,(0.10),-59.6,,,-0.833,
PIM,,,,,,
PINL,1.87,4.87,,,25.572,
PIOC,6.70,32.56,,,221.818,
PKGI,(0.19),-106.63,,,13.79,
PKGP,(0.52),-83.17,,,37.742,
PKGS,2.33,309.23,,,738.767,
PMI,,,,,5.668,
PMPK,(18.17),-78.8,,,61.355,
PMRS,(26.94),-18.8,,,1331.261,
PNGRS,(4.03),-1.34,,,,
PNSC,,3.5747075,,,522.418,
POL,27.46,23.98,,,285.168,
POML,0.50,272.62,,,333.997,
POWER,0.66,27.15,,,18.336,
POWERPS,,,,,18.336,
POWERR1,,,,,,
PPL,7.63,27.41,,,268.955,
PPP,6.57,20.14,,,220.654,
PPVC,(0.30),-49.27,,,-2.28,
PQGTL,0.30,43.7,,,,
PREMA,0.77,42.79,,,29.909,
PRET,33.30,12.41,,,1433.38,
PRIB,,,,,,
PRIC,(0.20),-5.65,,,,
PRL,15.78,2.21,,,61.396,
PRLR1,,,,,,
PRWM,3.94,16.51,,,138.008,
PSEL,15.14,55.73,,,1385.101,
PSMC,46.24,13.17,,,119.296,
PSO,55.37,6.44,,,567.202,
PSX,0.61,59.74,,,14.721,
PSYL,1.27,55.24,,,34.945,
PTC,0.18,274.61,,,7.227,
PTL,1.85,27.79,,,54.308,
PUDF,,,,,,
QTECH,0.12,271.0,,,,
QUET,(25.52),-0.6,,,92.726,
QUICE,0.05,475.0,,,4.694,
QUSW,,,,,,
RAVT,1.21,18.47,,,1.112,
RCML,6.13,65.29,,,1490.887,
REDCO,0.81,32.62,,,26.159,
REGAL,,,,,,
REWM,6.33,27.49,,,349.201,
RICL,0.59,21.86,,,15.95,
RMPL,220.09,42.66,,,3377.736,
RPL,0.27,52.93,,,61.898,
RUBY,(0.09),-129.0,,,13.325,
RUPL,(7.21),-3.54,,,173.748,
SAIF,(0.58),-45.97,,,143.535,
SALT,(97.49),-3.86,,,,
SANE,(1.31),-6.16,,,-110.553,
SANSM,10.66,11.77,,,272.088,
SAPL,48.68,17.87,,,,
SAPT,39.54,33.51,,,3766.771,
SARC,2.05,36.01,,,61.902,
SASML,(4.36),-65.28,,,,
SAZEW,106.51,19.15,,,496.851,
SBL,0.19,50.16,,,18.647,
SCBPL,1.45,39.53,,,28.531,
SCHT,,,,,,
SCL,8.07,92.94,,,289.556,
SDIL,,,,,,
SDOT,,,,,,
SEARL,0.89,98.08,,,57.604,
SEARLR1,,,,,,
SEL,,,,,73.968,
SEPCO,(12.89),-0.17,,,,
SEPL,2.19,65.71,,,151.371,
SERF,(1.98),-6.53,,,,
SERT,(1.30),-23.44,,,69.716,
SFAT,(6.52),-0.29,,,,
SFL,(35.35),-28.28,,,4341.977,
SFLL,(0.15),-1066.67,,,,
SGABL,(0.29),-434.48,,,60.92,
SGF,2.50,40.3,,,40.641,
SGFL,,,,,,
SGPL,(0.03),-1638.67,,,-0.04,
SHCI,(0.04),-162.25,,,-4.156,
SHCM,(1.24),-35.1,,,,
SHDT,2.21,18.36,,,114.778,
SHDTR1,,,,,,
SHEL,(2.78),-66.55,,,96.22,
SHEZ,11.46,20.53,,,159.281,
SHFA,,3.4805162,,,253.362,
SHJS,0.72,214.25,,,279.07,
SHNI,0.39,18.56,,,10.945,
SHSML,7.22,54.43,,,592.162,
SIBL,0.07,103.0,,,13.425,
SICL,(1.63),-26.99,,,,
SIEM,7.27,208.53,,,762.619,
SILK,(0.35),-3.29,,,-4.208,
SINDM,,,,,44.585,
SING,3.50,9.36,,,,
SITC,20.94,42.6,,,930.059,
SJTM,(0.47),-53.19,,,,
SKRS,0.06,445.33,,,16.526,
SLCL,,,,,-1.19,
SLGL,0.65,21.92,,,,
SLL,,,,,-7.768,
SLSO,,,,,,
SLSOPP,,,,,,
SLSOPVI,,,,,,
SLYT,(0.94),-12.85,,,-56.187,
SMBL,(0.34),-6.38,,,,
SMBLCPSA,,,,,,
SMBLCPSB,,,,,,
SMCPL,0.89,44.03,,,17.973,
SML,(6.10),-20.85,,,51.823,
SMLR1,,,,,,
SMTM,0.04,297.5,,,,
SNAI,0.36,97.17,,,36.21,
SNBL,1.00,18.85,,,33.368,
SNGP,4.62,21.12,,,119.724,
SPCL,0.44,2.05,,,,
SPEL,1.64,24.57,,,34.267,
SPL,(0.44),-164.55,,,22.084,
SPLC,0.21,4.29,,,-21.54,
SPLCTFC3,,,,,,
SPWL,0.15,63.07,,,26.939,
SRR,(0.05),-330.0,,,,
SRSM,(5.21),-7.74,,,,
SRVI,11.33,146.04,,,493.852,
SSGC,(0.13),-204.0,,,15.151,
SSIC,,,,,,
SSML,(0.86),-29.05,,,1.935,
SSOM,13.97,29.48,,,,
STCL,(1.45),-7.65,,,8.734,
STJT,9.13,13.03,,,244.857,
STL,49.99,1.07,,,,
STML,4.85,6.05,,,85.554,
STPL,0.03,230.33,,,4.07,
STYLERS,0.65,70.78,,,,
SUCM,,,,,,
SUHJ,(3.51),-22.87,,,,
SURAJ,,,,,,
SURC,5.87,22.19,,,297.411,
SUTM,0.56,161.64,,,449.071,
SWL,(1.63),-26.99,,,,
SYM,0.03,336.33,,,7.192,
SYS,1.36,108.16,,,33.002,
SZTM,4.60,11.3,,,203.363,
TAJT,(0.07),-5.86,,,,
TATM,(30.81),-3.76,,,451.213,
TBL,(0.06),-150.17,,,,
TCLTC,,,,,,
TCORP,0.38,62.0,,,57.374,
TCORPCPS,,,,,,
TCORPR1,,,,,,
TDIL,0.56,44.29,,,,
TELE,(0.02),-397.5,,,11.851,
TGL,6.42,25.25,,,140.926,
THALL,48.51,13.23,,,701.736,
THAS,(1.08),-176.39,,,,
THCCL,1.46,36.79,,,18.843,
TICL,24.32,36.69,,,824.393,
TOMCL,0.08,399.75,,,33.386,
TOWL,0.89,132.84,,,528.459,
TPL,(0.92),-10.99,,,-4.369,
TPLI,(0.18),-144.5,,,14.038,
TPLL,(0.21),-107.71,,,,
TPLP,(3.14),-2.46,,,8.592,
TPLRF1,(0.10),-78.0,,,,
TPLT,(0.66),-20.24,,,7.49,
TREET,0.15,157.93,,,21.858,
TREI,,,,,,
TRG,(16.44),-3.24,,,76.386,
TRIBL,,,,,11.117,
TRIPF,1.05,115.8,,,124.219,
TRPOL,0.38,39.16,,,,
TRSM,,,,,11.703,
TSBL,(0.12),-15.33,,,1.442,
TSMF,(1.25),-14.74,,,,
TSML,2.71,111.11,,,125.743,
TSPL,0.01,941.0,,,11.778,
UBDL,(0.06),-375.0,,,0.02,
UBL,19.56,19.73,,,201.746,
UBLGSFO,,,,,,
UBLPETF,,,,,,
UCAPM,,,,,2.25,
UDLI,0.22,84.0,,,,
UDPL,6.33,18.06,,,19.344,
UNIC,1.11,11.29,,,19.169,
UNITY,,22.807144,,,15.662,
UNITYR1,,,,,,
UPFL,,19.582819,,,1249.513,
USMT,,,,,,
UVIC,(0.12),-160.75,,,14.544,
WAFI,10.11,19.46,,,,
WAHN,12.79,21.07,,,308.351,
WASL,,,,,,
WASLR,,,,,,
WAVES,0.25,39.4,,,37.551,
WAVESAPP,0.22,36.32,,,31.073,
WAVESR1,,,,,,
WHALE,0.10,80.1,,,,
WTL,(0.03),-43.33,,,-0.273,
WYETH,6.32,317.67,,,,
YOUW,(0.03),-212.33,,,,
ZAHID,1.43,37.83,,,112.869,
ZAL,(1.13),-39.43,,,,
ZELP,(0.27),-1.63,,,,
ZHCM,7.08,0.01,,,,
ZIL,0.22,1448.59,,,227.826,
ZTL,0.12,161.67,,,42.576,
ZUMA,4.04,15.98,,,,
